origin,origin_date,h,target_date,model,actual,forecast,actual_growth,pred_growth,error,abs_pct_error,growth_error
48,2021-06-01,1,2021-07-01,Naive-drift,113.10048137244225,113.32803017934764,-0.03766125462343736,0.16332834862748208,-0.22754880690538926,0.2011917227443677,-0.20098960325091944
48,2021-06-01,1,2021-07-01,OLS-trend,113.10048137244225,113.17259518921568,-0.03766125462343736,0.02607926661826211,-0.07211381677343809,0.0637608398287588,-0.06374052124169947
48,2021-06-01,1,2021-07-01,Lasso,113.10048137244225,113.3798120508158,-0.03766125462343736,0.20900993763584658,-0.2793306783735545,0.24697567595111533,-0.24667119225928394
48,2021-06-01,1,2021-07-01,RandomForest,113.10048137244225,113.38752071048587,-0.03766125462343736,0.21580867674801826,-0.2870393380436269,0.2537914379854851,-0.2534699313714556
48,2021-06-01,1,2021-07-01,GradientBoosting,113.10048137244225,113.2929113568006,-0.03766125462343736,0.13233489975193527,-0.19242998435835545,0.17014072975045924,-0.16999615437537263
48,2021-06-01,1,2021-07-01,SVR,113.10048137244225,113.3958618080672,-0.03766125462343736,0.22316468096002406,-0.2953804356249492,0.26116638235363054,-0.26082593558346145
48,2021-06-01,2,2021-08-01,Naive-drift,113.06379181599249,113.5132782196733,-0.07010630551884012,0.32665669725496416,-0.44948640368080817,0.3975511491887095,-0.3967630027738043
48,2021-06-01,2,2021-08-01,OLS-trend,113.06379181599249,113.39118724377155,-0.07010630551884012,0.21904225481986422,-0.3273954277790665,0.2895669979933908,-0.28914856033870434
48,2021-06-01,2,2021-08-01,Lasso,113.06379181599249,113.44768108571988,-0.07010630551884012,0.2688519223890701,-0.38388926972739057,0.3395333409232882,-0.3389582279079102
48,2021-06-01,2,2021-08-01,RandomForest,113.06379181599249,113.51941745190908,-0.07010630551884012,0.33206493347319765,-0.45562563591659,0.4029810327413266,-0.40217123899203777
48,2021-06-01,2,2021-08-01,GradientBoosting,113.06379181599249,113.56593528156867,-0.07010630551884012,0.3730344013409577,-0.5021434655761823,0.4441240272512741,-0.44314070685979784
48,2021-06-01,2,2021-08-01,SVR,113.06379181599249,113.56091540122824,-0.07010630551884012,0.36861406941969166,-0.49712358523575517,0.43968416170298535,-0.4387203749385318
48,2021-06-01,3,2021-09-01,Naive-drift,113.73520885577828,113.69882906978391,0.521976551319776,0.4899850458824462,0.036379785994370195,0.03198638870088287,0.03199150543732987
48,2021-06-01,3,2021-09-01,OLS-trend,113.73520885577828,113.6097792983274,0.521976551319776,0.41163361286684796,0.1254295574508859,0.11028208301787762,0.11034293845292809
48,2021-06-01,3,2021-09-01,Lasso,113.73520885577828,113.9531974404955,0.521976551319776,0.7134563502843899,-0.21798858471721871,0.1916632385962721,-0.19147979896461387
48,2021-06-01,3,2021-09-01,RandomForest,113.73520885577828,113.50561922112941,0.521976551319776,0.31990924263056564,0.2295896346488746,0.2018632901443961,0.2020673086892104
48,2021-06-01,3,2021-09-01,GradientBoosting,113.73520885577828,113.46250291886791,0.521976551319776,0.28191597522930373,0.27270593691036993,0.23977266112569784,0.24006057609047232
48,2021-06-01,3,2021-09-01,SVR,113.73520885577828,113.83776631436142,0.521976551319776,0.6121080490947945,-0.10255745858313503,0.09017212841555759,-0.0901314977750185
49,2021-07-01,1,2021-08-01,Naive-drift,113.06379181599249,113.29918311702586,-0.032445050895415536,0.1755318816843099,-0.23539130103337413,0.20819335461211627,-0.20797693257972544
49,2021-07-01,1,2021-08-01,OLS-trend,113.06379181599249,113.38530040158595,-0.032445050895415536,0.2515117523541514,-0.3215085855934632,0.2843603424487192,-0.28395680324956696
49,2021-07-01,1,2021-08-01,Lasso,113.06379181599249,113.38284336394396,-0.032445050895415536,0.2493447481168855,-0.3190515479514744,0.28218719965691585,-0.28178979901230106
49,2021-07-01,1,2021-08-01,RandomForest,113.06379181599249,113.34576192196056,-0.032445050895415536,0.21663476671222176,-0.28197010596807104,0.24939027909745667,-0.2490798176076373
49,2021-07-01,1,2021-08-01,GradientBoosting,113.06379181599249,113.38927824492987,-0.032445050895415536,0.25501994394076793,-0.32548642893738133,0.28787857165369046,-0.2874649948361835
49,2021-07-01,1,2021-08-01,SVR,113.06379181599249,113.40884447458677,-0.032445050895415536,0.27227425757513496,-0.3450526585942839,0.3051840496874945,-0.3047193084705505
49,2021-07-01,2,2021-09-01,Naive-drift,113.73520885577828,113.49823395281422,0.5596378059432073,0.3510637633686198,0.23697490296406443,0.20835667806664865,0.20857404257458756
49,2021-07-01,2,2021-09-01,OLS-trend,113.73520885577828,113.60371585087621,0.5596378059432073,0.4439576427372925,0.13149300490206883,0.11561327949800336,0.11568016320591484
49,2021-07-01,2,2021-09-01,Lasso,113.73520885577828,113.47205504516444,0.5596378059432073,0.3279956271103931,0.2631538106138436,0.23137409537580864,0.23164217883281424
49,2021-07-01,2,2021-09-01,RandomForest,113.73520885577828,113.33645683529745,0.5596378059432073,0.2084249594151704,0.3987520204808277,0.3505968156144721,0.35121284652803697
49,2021-07-01,2,2021-09-01,GradientBoosting,113.73520885577828,113.23480139021792,0.5596378059432073,0.11869120174714314,0.5004074655603574,0.43997586199968924,0.4409466041960642
49,2021-07-01,2,2021-09-01,SVR,113.73520885577828,113.30330976539504,0.5596378059432073,0.17917407318639011,0.43189909038324004,0.37974088651027044,0.3804637327568172
49,2021-07-01,3,2021-10-01,Naive-drift,113.92818841152044,113.6976344931118,0.7291684413269889,0.5265956450529297,0.23055391840863138,0.2023677560603761,0.20257279627405922
49,2021-07-01,3,2021-10-01,OLS-trend,113.92818841152044,113.8221313001665,0.7291684413269889,0.6360338901620215,0.10605711135393392,0.0930911944029555,0.09313455116496738
49,2021-07-01,3,2021-10-01,Lasso,113.92818841152044,114.26831533636553,0.7291684413269889,1.0272686936389008,-0.34012692484509444,0.29854501294843794,-0.29810025231191195
49,2021-07-01,3,2021-10-01,RandomForest,113.92818841152044,114.12419847538146,0.7291684413269889,0.9010676394043272,-0.19601006386102426,0.1720470294436839,-0.17189919807733833
49,2021-07-01,3,2021-10-01,GradientBoosting,113.92818841152044,114.05730238381639,0.7291684413269889,0.8424335317052372,-0.12911397229595423,0.11332925950650699,-0.11326509037824828
49,2021-07-01,3,2021-10-01,SVR,113.92818841152044,114.05138422106495,0.7291684413269889,0.8372446343941523,-0.12319580954451226,0.10813461643005874,-0.10807619306716343
50,2021-08-01,1,2021-09-01,Naive-drift,113.73520885577828,113.23779635525135,0.5920828568386088,0.1537811333596058,0.4974125005269343,0.437342583295976,0.43830172347900304
50,2021-08-01,1,2021-09-01,OLS-trend,113.73520885577828,113.57799516402876,0.5920828568386088,0.45375942112414375,0.1572136917495186,0.1382278129447787,0.1383234357144651
50,2021-08-01,1,2021-09-01,Lasso,113.73520885577828,113.26855891916487,0.5920828568386088,0.18094378322470114,0.4666499366134076,0.41029505401897326,0.41113907361390767
50,2021-08-01,1,2021-09-01,RandomForest,113.73520885577828,113.2960450269316,0.5920828568386088,0.20520715660502825,0.4391638288466879,0.3861283003432726,0.3868757002335806
50,2021-08-01,1,2021-09-01,GradientBoosting,113.73520885577828,113.35903599131699,0.5920828568386088,0.2607902617568388,0.37617286446129583,0.33074442667819876,0.33129259508177006
50,2021-08-01,1,2021-09-01,SVR,113.73520885577828,113.39681219174967,0.5920828568386088,0.29410909439982835,0.3383966640286076,0.2975302612383741,0.2979737624387805
50,2021-08-01,2,2021-10-01,Naive-drift,113.92818841152044,113.41206868651678,0.7616134922224058,0.3075622667192116,0.5161197250036622,0.45302197129597477,0.4540512255031942
50,2021-08-01,2,2021-10-01,OLS-trend,113.92818841152044,113.79565412252938,0.7616134922224058,0.6452143462390916,0.13253428899105302,0.11633142845414642,0.11639914598331425
50,2021-08-01,2,2021-10-01,Lasso,113.92818841152044,113.57227472336218,0.7616134922224058,0.44872271949872977,0.3559136881582532,0.3124017796830544,0.31289077272367605
50,2021-08-01,2,2021-10-01,RandomForest,113.92818841152044,113.90145650633517,0.7616134922224058,0.7381469189258655,0.026731905185272353,0.023463820111589886,0.02346657329654034
50,2021-08-01,2,2021-10-01,GradientBoosting,113.92818841152044,113.90549717404585,0.7616134922224058,0.7416943678916131,0.022691237474589343,0.019917140604945142,0.01991912433079268
50,2021-08-01,2,2021-10-01,SVR,113.92818841152044,113.73509277310568,0.7616134922224058,0.5919807928137533,0.19309563841476063,0.1694889044643448,0.16963269940865255
50,2021-08-01,3,2021-11-01,Naive-drift,114.13373469223122,113.58660922191916,0.9418683401761502,0.46134340007881747,0.5471254703120536,0.4793722660415975,0.4805249400973327
50,2021-08-01,3,2021-11-01,OLS-trend,114.13373469223122,114.01331308103005,0.9418683401761502,0.8363034217960129,0.12042161120116646,0.1055092182218438,0.10556491838013726
50,2021-08-01,3,2021-11-01,Lasso,114.13373469223122,113.92924641319041,0.9418683401761502,0.762542144535892,0.20448827904080247,0.1791655022874858,0.1793261956402582
50,2021-08-01,3,2021-11-01,RandomForest,114.13373469223122,113.9249458864721,0.9418683401761502,0.758767338660772,0.20878880575911296,0.18293347389544826,0.18310100151537823
50,2021-08-01,3,2021-11-01,GradientBoosting,114.13373469223122,113.97859103307337,0.9418683401761502,0.8058444032093355,0.15514365915784367,0.13593146634182987,0.1360239369668147
50,2021-08-01,3,2021-11-01,SVR,114.13373469223122,113.810303798783,0.9418683401761502,0.6580871870097013,0.3234308934482186,0.28337887507174836,0.2837811531664489
51,2021-09-01,1,2021-10-01,Naive-drift,113.92818841152044,113.93748421581766,0.16953063538379465,0.1776896566134445,-0.009295804297224208,0.0081593540868453,-0.008159021229649843
51,2021-09-01,1,2021-10-01,OLS-trend,113.92818841152044,113.80798460815681,0.16953063538379465,0.06396654081551455,0.1202038033636228,0.10550839527916848,0.1055640945682801
51,2021-09-01,1,2021-10-01,Lasso,113.92818841152044,114.05038369926814,0.16953063538379465,0.2767295693170556,-0.12219528774770083,0.10725641252744123,-0.10719893393326096
51,2021-09-01,1,2021-10-01,RandomForest,113.92818841152044,114.07814926438344,0.16953063538379465,0.3010716057047965,-0.14996085286300342,0.1316275234021358,-0.13154097032100187
51,2021-09-01,1,2021-10-01,GradientBoosting,113.92818841152044,114.0607498834805,0.16953063538379465,0.2858182832756382,-0.1325614719600594,0.11635528819367653,-0.11628764789184354
51,2021-09-01,1,2021-10-01,SVR,113.92818841152044,114.08359631659869,0.16953063538379465,0.3058463344415684,-0.1554079050782491,0.13640865113811834,-0.13631569905777374
51,2021-09-01,2,2021-11-01,Naive-drift,114.13373469223122,114.14011931776714,0.3497854833375222,0.355379313226889,-0.006384625535929445,0.005593986346934137,-0.005593829889366797
51,2021-09-01,2,2021-11-01,OLS-trend,114.13373469223122,114.02599925374285,0.3497854833375222,0.2553468682215151,0.10773543848836198,0.09439403589033282,0.0944386151160071
51,2021-09-01,2,2021-11-01,Lasso,114.13373469223122,114.26495099083597,0.3497854833375222,0.4646865937783276,-0.13121629860475537,0.11496714705655463,-0.11490111044080542
51,2021-09-01,2,2021-11-01,RandomForest,114.13373469223122,114.53761735605222,0.3497854833375222,0.7030287559876399,-0.40388266382100824,0.3538679119807156,-0.35324327265011773
51,2021-09-01,2,2021-11-01,GradientBoosting,114.13373469223122,114.44865699363254,0.3497854833375222,0.6253294553217742,-0.3149223014013245,0.27592394330259346,-0.275543971984252
51,2021-09-01,2,2021-11-01,SVR,114.13373469223122,114.32343539674055,0.3497854833375222,0.5158566537318882,-0.18970070450933463,0.16620914493061537,-0.16607117039436597
51,2021-09-01,3,2021-12-01,Naive-drift,114.6520844337479,114.34311480141913,0.8029172643450716,0.5330689698403335,0.3089696323287683,0.269484531271045,0.26984829450473813
51,2021-09-01,3,2021-12-01,OLS-trend,114.6520844337479,114.24401389932892,0.8029172643450716,0.4463616308380837,0.40807053441898233,0.35592072872847536,0.3565556335069879
51,2021-09-01,3,2021-12-01,Lasso,114.6520844337479,114.0624594222495,0.8029172643450716,0.28731706875586355,0.5896250114983985,0.5142732593223068,0.515600195589208
51,2021-09-01,3,2021-12-01,RandomForest,114.6520844337479,114.38601119153593,0.8029172643450716,0.5705774335600138,0.2660732422119736,0.23207013071421734,0.23233983078505782
51,2021-09-01,3,2021-12-01,GradientBoosting,114.6520844337479,114.38035608365753,0.8029172643450716,0.565633430692015,0.27172835009037044,0.23700253809810987,0.2372838336530566
51,2021-09-01,3,2021-12-01,SVR,114.6520844337479,114.0651799451772,0.8029172643450716,0.28970215715229947,0.5869044885706955,0.5119004085005016,0.5132151071927722
52,2021-10-01,1,2021-11-01,Naive-drift,114.13373469223122,114.10625398596495,0.18025484795373972,0.1561743118844901,0.027480706266260313,0.024077636940877965,0.02408053606924962
52,2021-10-01,1,2021-11-01,OLS-trend,114.13373469223122,114.03524570015543,0.18025484795373972,0.0939249725927141,0.09848899207578654,0.08629262184521368,0.08632987536102563
52,2021-10-01,1,2021-11-01,Lasso,114.13373469223122,114.12678463787812,0.18025484795373972,0.1741652671750366,0.006950054353097812,0.006089395367495045,0.006089580778703113
52,2021-10-01,1,2021-11-01,RandomForest,114.13373469223122,114.15976181518896,0.18025484795373972,0.20305630613689962,-0.026027122957742677,0.022804057913224735,-0.0228014581831599
52,2021-10-01,1,2021-11-01,GradientBoosting,114.13373469223122,114.14327837163405,0.18025484795373972,0.18861633760206617,-0.009543679402838734,0.008361839230595464,-0.008361489648326448
52,2021-10-01,1,2021-11-01,SVR,114.13373469223122,114.14879166543997,0.18025484795373972,0.1934463729213743,-0.01505697320875754,0.013192395087534474,-0.013191524967634566
52,2021-10-01,2,2021-12-01,Naive-drift,114.6520844337479,114.2845978703628,0.6333866289612988,0.3123486237689802,0.3674865633850999,0.32052322921128684,0.3210380051923186
52,2021-10-01,2,2021-12-01,OLS-trend,114.6520844337479,114.25352203762111,0.6333866289612988,0.285153306903903,0.3985623961267919,0.347627693029081,0.3482333220573958
52,2021-10-01,2,2021-12-01,Lasso,114.6520844337479,114.04784572773632,0.6333866289612988,0.10497360185745341,0.6042387060115857,0.5270193812836845,0.5284130271038454
52,2021-10-01,2,2021-12-01,RandomForest,114.6520844337479,114.16225584257143,0.6333866289612988,0.20524096393570695,0.4898285911764759,0.42723042812145734,0.42814566502559187
52,2021-10-01,2,2021-12-01,GradientBoosting,114.6520844337479,114.12424153320899,0.6333866289612988,0.1719369269902088,0.5278429005389143,0.46038665859924255,0.46144970197109003
52,2021-10-01,2,2021-12-01,SVR,114.6520844337479,114.13181181574578,0.6333866289612988,0.1785700764103344,0.5202726180021244,0.45378382832870845,0.4548165525509644
52,2021-10-01,3,2022-01-01,Naive-drift,114.29872210959509,114.46322049970226,0.3247066901856352,0.46852293565347036,-0.1644983901071697,0.1439197106240967,-0.14381624546783517
52,2021-10-01,3,2022-01-01,OLS-trend,114.29872210959509,114.47179837508678,0.3247066901856352,0.47601665630021917,-0.1730762654916873,0.15142449740228373,-0.15130996611458397
52,2021-10-01,3,2022-01-01,Lasso,114.29872210959509,114.16843043183204,0.3247066901856352,0.2106494259894684,0.13029167776305428,0.11399224362117048,0.1140572641961668
52,2021-10-01,3,2022-01-01,RandomForest,114.29872210959509,114.4331902299484,0.3247066901856352,0.44228375625312744,-0.13446812035330424,0.11764621499824798,-0.11757706606749224
52,2021-10-01,3,2022-01-01,GradientBoosting,114.29872210959509,114.42631129343194,0.3247066901856352,0.436272263199313,-0.1275891838368466,0.1116278305495909,-0.11156557301367781
52,2021-10-01,3,2022-01-01,SVR,114.29872210959509,114.61845258572856,0.3247066901856352,0.6040484953329693,-0.31973047613347205,0.27973232791430436,-0.27934180514733414
53,2021-11-01,1,2021-12-01,Naive-drift,114.6520844337479,114.37836686382845,0.4531317810075463,0.21410880507960103,0.2737175699194552,0.2387375434745138,0.23902297592794527
53,2021-11-01,1,2021-12-01,OLS-trend,114.6520844337479,114.26095516909851,0.4531317810075463,0.11140406994766511,0.39112926464939335,0.34114448645319545,0.3417277110598812
53,2021-11-01,1,2021-12-01,Lasso,114.6520844337479,114.19082715620392,0.4531317810075463,0.050009919826761284,0.4612572775439787,0.4023104157434816,0.403121861180785
53,2021-11-01,1,2021-12-01,RandomForest,114.6520844337479,114.11948714978641,0.4531317810075463,-0.012483979282598161,0.5325972839614934,0.46453345056212786,0.46561576029014445
53,2021-11-01,1,2021-12-01,GradientBoosting,114.6520844337479,114.10107819320002,0.4531317810075463,-0.028616580302711685,0.5510062405478777,0.4805898150646171,0.481748361310258
53,2021-11-01,1,2021-12-01,SVR,114.6520844337479,113.90840412383382,0.4531317810075463,-0.1976219332987229,0.7436803099140832,0.6486408978842607,0.6507537143062692
53,2021-11-01,2,2022-01-01,Naive-drift,114.29872210959509,114.62352337557404,0.14445184223187676,0.42821761015920207,-0.3248012659789481,0.2841687640807682,-0.28376576792732533
53,2021-11-01,2,2022-01-01,OLS-trend,114.29872210959509,114.47943798243855,0.14445184223187676,0.3024353755882673,-0.18071587284346435,0.15810839308438226,-0.1579835333563905
53,2021-11-01,2,2022-01-01,Lasso,114.29872210959509,114.51477349015956,0.14445184223187676,0.3332968613648877,-0.2160513805644655,0.1890234436368458,-0.1888450191330109
53,2021-11-01,2,2022-01-01,RandomForest,114.29872210959509,114.4168274414144,0.14445184223187676,0.24772889755138758,-0.11810533181930793,0.10333040443449831,-0.10327705531951081
53,2021-11-01,2,2022-01-01,GradientBoosting,114.29872210959509,114.3781624899502,0.14445184223187676,0.21393012263601352,-0.07944038035510914,0.06950242215213737,-0.06947828040413676
53,2021-11-01,2,2022-01-01,SVR,114.29872210959509,114.25660963095325,0.14445184223187676,0.1076008278208817,0.04211247864184031,0.036844225258669865,0.03685101441099506
53,2021-11-01,3,2022-02-01,Naive-drift,115.41859406121301,114.86920535132911,1.1194595968914511,0.6423264152388031,0.5493887098838997,0.4759967095011811,0.47713318165264806
53,2021-11-01,3,2022-02-01,OLS-trend,115.41859406121301,114.69792079577859,1.1194595968914511,0.4931024473217329,0.7206732654344279,0.6243996223452645,0.6263571495697182
53,2021-11-01,3,2022-02-01,Lasso,115.41859406121301,114.54837060405161,1.1194595968914511,0.3626312305108472,0.8702234571614014,0.753971631901765,0.7568283663806039
53,2021-11-01,3,2022-02-01,RandomForest,115.41859406121301,114.43780173024103,1.1194595968914511,0.2660586896655149,0.9807923309719797,0.8497697783875361,0.8534009072259363
53,2021-11-01,3,2022-02-01,GradientBoosting,115.41859406121301,114.40612073112985,1.1194595968914511,0.2383708236537653,1.0124733300831679,0.8772185611152012,0.8810887732376859
53,2021-11-01,3,2022-02-01,SVR,115.41859406121301,114.40549284309131,1.1194595968914511,0.23782199833084494,1.0131012181217045,0.877762570547688,0.8816375985606062
54,2021-12-01,1,2022-01-01,Naive-drift,114.29872210959509,114.92369112796995,-0.30867993877565375,0.23661627214669098,-0.6249690183748555,0.5467856567771644,-0.5452962109223447
54,2021-12-01,1,2022-01-01,OLS-trend,114.29872210959509,114.50841052056074,-0.30867993877565375,-0.12539153577995252,-0.20968841096565427,0.1834564788612378,-0.18328840299570123
54,2021-12-01,1,2022-01-01,Lasso,114.29872210959509,114.82284492772301,-0.30867993877565375,0.14882717338153878,-0.5241228181279212,0.4585552738073197,-0.45750711215719253
54,2021-12-01,1,2022-01-01,RandomForest,114.29872210959509,114.77824278481414,-0.30867993877565375,0.10997531608914289,-0.4795206752190495,0.4195328402353109,-0.41865525486479666
54,2021-12-01,1,2022-01-01,GradientBoosting,114.29872210959509,114.83531308599126,-0.30867993877565375,0.15968518808333107,-0.5365909763961696,0.4694636707151113,-0.4683651268589848
54,2021-12-01,1,2022-01-01,SVR,114.29872210959509,114.5145143983447,-0.30867993877565375,-0.1200611717672076,-0.21579228874961132,0.18879676409916404,-0.18861876700844615
54,2021-12-01,2,2022-02-01,Naive-drift,115.41859406121301,115.19594124875253,0.6663278158839135,0.47323254429338196,0.2226528124604812,0.1929089626082222,0.19309527159053158
54,2021-12-01,2,2022-02-01,OLS-trend,115.41859406121301,114.72768349403137,0.6663278158839135,0.06591606897478398,0.6909105671816462,0.5986128775881789,0.6004117469091296
54,2021-12-01,2,2022-02-01,Lasso,115.41859406121301,115.0184289801068,0.6663278158839135,0.31901775427001683,0.4001650811062092,0.3467076378473116,0.3473100616138967
54,2021-12-01,2,2022-02-01,RandomForest,115.41859406121301,114.8376732602888,0.6663278158839135,0.16174043570750696,0.5809208009242184,0.5033164765602007,0.5045873801764066
54,2021-12-01,2,2022-02-01,GradientBoosting,115.41859406121301,114.8281417285486,0.6663278158839135,0.1534400870063836,0.5904523326644124,0.511574705503051,0.51288772887753
54,2021-12-01,2,2022-02-01,SVR,115.41859406121301,114.71039145716209,0.6663278158839135,0.05084268858167218,0.7082026040509248,0.613594897608374,0.6154851273022414
54,2021-12-01,3,2022-03-01,Naive-drift,116.37670992653587,115.46883632035023,1.4930238753068452,0.7098488164400729,0.9078736061856318,0.7801162335305213,0.7831750588667723
54,2021-12-01,3,2022-03-01,OLS-trend,116.37670992653587,114.94695646750202,1.4930238753068452,0.2568583864443329,1.4297534590338472,1.2285563494073646,1.2361654888625124
54,2021-12-01,3,2022-03-01,Lasso,116.37670992653587,114.90929614625,1.4930238753068452,0.22408980072106027,1.4674137802858667,1.2609170522282238,1.2689340745857849
54,2021-12-01,3,2022-03-01,RandomForest,116.37670992653587,115.03658990238716,1.4930238753068452,0.3348060838672849,1.3401200241487032,1.151536269580631,1.1582177914395604
54,2021-12-01,3,2022-03-01,GradientBoosting,116.37670992653587,115.07589189009536,1.4930238753068452,0.36896502021369776,1.3008180364405035,1.1177649181366787,1.1240588550931474
54,2021-12-01,3,2022-03-01,SVR,116.37670992653587,114.73007828250988,1.4930238753068452,0.06800341477650795,1.6466316440259874,1.414915102055594,1.4250204605303374
55,2022-01-01,1,2022-02-01,Naive-drift,115.41859406121301,114.5514183806837,0.9750077546595718,0.22084004252555337,0.8671756805293143,0.7513310031045795,0.7541677121340185
55,2022-01-01,1,2022-02-01,OLS-trend,115.41859406121301,114.71243342777932,0.9750077546595718,0.36130272104966704,0.7061606334336972,0.6118257107335584,0.6137050336099048
55,2022-01-01,1,2022-02-01,Lasso,115.41859406121301,114.56413082272962,0.9750077546595718,0.2319370126815823,0.8544632384833903,0.7403167968154422,0.7430707419779895
55,2022-01-01,1,2022-02-01,RandomForest,115.41859406121301,114.47103619688131,0.9750077546595718,0.15064414208311672,0.9475578643316993,0.8209750534902164,0.8243636125764551
55,2022-01-01,1,2022-02-01,GradientBoosting,115.41859406121301,114.41100773551906,0.9750077546595718,0.09819051862951521,1.00758632569395,0.8729844041936343,0.8768172360300566
55,2022-01-01,1,2022-02-01,SVR,115.41859406121301,114.42077584145864,0.9750077546595718,0.10672788681571652,0.9978182197543788,0.8645212046381187,0.8682798678438552
55,2022-01-01,2,2022-03-01,Naive-drift,116.37670992653587,114.80467332298265,1.8017038140825041,0.44168008505110673,1.5720366035532152,1.3508171906093422,1.3600237290313975
55,2022-01-01,2,2022-03-01,OLS-trend,116.37670992653587,114.93129791733249,1.8017038140825041,0.5519149833900788,1.4454120092033804,1.2420114042713644,1.2497888306924252
55,2022-01-01,2,2022-03-01,Lasso,116.37670992653587,114.8111684348328,1.8017038140825041,0.44733745764538546,1.5655414917030726,1.3452360809059978,1.3543663564371187
55,2022-01-01,2,2022-03-01,RandomForest,116.37670992653587,114.86514852806408,1.8017038140825041,0.49434282148873215,1.511561398471784,1.2988521495632368,1.307360992593772
55,2022-01-01,2,2022-03-01,GradientBoosting,116.37670992653587,114.79473064859283,1.8017038140825041,0.43301919636929675,1.5819792779430344,1.3593607165399992,1.3686846177132073
55,2022-01-01,2,2022-03-01,SVR,116.37670992653587,114.70924889823762,1.8017038140825041,0.3585265845401468,1.6674610282982485,1.4328133432805004,1.4431772295423573
55,2022-01-01,3,2022-04-01,Naive-drift,117.97752689142716,115.05848817162503,3.167876566035378,0.6625201275766601,2.9190387198021313,2.4742328447760022,2.5053564384587177
55,2022-01-01,3,2022-04-01,OLS-trend,117.97752689142716,115.15016240688567,3.167876566035378,0.7421646065101779,2.8273644845414907,2.3965280160038183,2.4257119595252
55,2022-01-01,3,2022-04-01,Lasso,117.97752689142716,115.13153100128086,3.167876566035378,0.7259832024482981,2.8459958901462983,2.4123203504387942,2.44189336358708
55,2022-01-01,3,2022-04-01,RandomForest,117.97752689142716,115.32895921047692,3.167876566035378,0.8973169154946716,2.6485676809502365,2.2449764380869515,2.270559650540706
55,2022-01-01,3,2022-04-01,GradientBoosting,117.97752689142716,115.19184706262389,3.167876566035378,0.7783583136756911,2.785679828803268,2.3611953074477348,2.3895182523596867
55,2022-01-01,3,2022-04-01,SVR,117.97752689142716,115.02721785471671,3.167876566035378,0.6353386762462858,2.9503090367104505,2.500738161281829,2.532537889789092
56,2022-02-01,1,2022-03-01,Naive-drift,116.37670992653587,115.72144757228384,0.8266960594229504,0.26205211545496565,0.6552623542520308,0.5630528261760216,0.5646439439679848
56,2022-02-01,1,2022-03-01,OLS-trend,116.37670992653587,114.98173796257775,0.8266960594229504,-0.3792152713604776,1.3949719639581133,1.198669359907756,1.2059113307834282
56,2022-02-01,1,2022-03-01,Lasso,116.37670992653587,115.53098248856182,0.8266960594229504,0.09732725030247733,0.8457274379740483,0.72671536986045,0.7293688091204731
56,2022-02-01,1,2022-03-01,RandomForest,116.37670992653587,115.46126697831326,0.8266960594229504,0.03696547407299989,0.915442948222605,0.7866204060937011,0.7897305853499506
56,2022-02-01,1,2022-03-01,GradientBoosting,116.37670992653587,115.4706614979616,0.8266960594229504,0.04510165490820693,0.906048428574266,0.778547897724742,0.7815944045147435
56,2022-02-01,1,2022-03-01,SVR,116.37670992653587,115.66506689480765,0.8266960594229504,0.21331921611390423,0.7116430317282152,0.6114995278500724,0.6133768433090462
56,2022-02-01,2,2022-04-01,Naive-drift,117.97752689142716,116.02509575816347,2.1928688113758197,0.5241042309099313,1.952431133263687,1.6549178345300273,1.6687645804658884
56,2022-02-01,2,2022-04-01,OLS-trend,117.97752689142716,115.20192982174264,2.1928688113758197,-0.1878968095009142,2.7755970696845225,2.352648968679315,2.380765620876734
56,2022-02-01,2,2022-04-01,Lasso,117.97752689142716,115.85287715440163,2.1928688113758197,0.37556175982899226,2.1246497370255355,1.8008936049158046,1.8173070515468275
56,2022-02-01,2,2022-04-01,RandomForest,117.97752689142716,115.78235530024872,2.1928688113758197,0.3146713196446703,2.195171591178436,1.8606692723764398,1.8781974917311492
56,2022-02-01,2,2022-04-01,GradientBoosting,117.97752689142716,116.02258525839386,2.1928688113758197,0.5219404516739479,1.9549416330333003,1.6570457819754112,1.6709283597018718
56,2022-02-01,2,2022-04-01,SVR,117.97752689142716,116.12396216737659,2.1928688113758197,0.6092791750373887,1.853564724050571,1.5711167820600078,1.583589636338431
56,2022-02-01,3,2022-05-01,Naive-drift,119.72445540542479,116.32954070404497,3.6627429364731214,0.7861563463648968,3.394914701379818,2.8356067186804617,2.8765865901082246
56,2022-02-01,3,2022-05-01,OLS-trend,119.72445540542479,115.42212168090752,3.6627429364731214,0.003056323650222053,4.302333724517268,3.593529584200829,3.6596866128228993
56,2022-02-01,3,2022-05-01,Lasso,119.72445540542479,115.88391396803414,3.6627429364731214,0.4023480233892688,3.8405414373906552,3.2078170031221855,3.2603949130838528
56,2022-02-01,3,2022-05-01,RandomForest,119.72445540542479,115.51139917388016,3.6627429364731214,0.08037510967127041,4.213056231544627,3.5189604473688263,3.582367826801851
56,2022-02-01,3,2022-05-01,GradientBoosting,119.72445540542479,115.77131221683756,3.6627429364731214,0.3051330700130033,3.9531431885872337,3.3018677555898193,3.357609866460118
56,2022-02-01,3,2022-05-01,SVR,119.72445540542479,116.03337802516111,3.6627429364731214,0.53124231715703,3.6910773802636783,3.0829769638663422,3.1315006193160917
57,2022-03-01,1,2022-04-01,Naive-drift,117.97752689142716,116.73418127300823,1.366172751952873,0.3066966325247167,1.2433456184189282,1.0538834396513155,1.0594761194281563
57,2022-03-01,1,2022-04-01,OLS-trend,117.97752689142716,115.29982259114321,1.366172751952873,-0.9296540133521951,2.677704300283949,2.26967319186831,2.295826765305068
57,2022-03-01,1,2022-04-01,Lasso,117.97752689142716,116.60551607098526,1.366172751952873,0.1964151703237006,1.3720108204419006,1.162942516759603,1.1697575816291725
57,2022-03-01,1,2022-04-01,RandomForest,117.97752689142716,116.67705603489455,1.366172751952873,0.25774848425806546,1.3004708565326126,1.102303880068121,1.1084242676948075
57,2022-03-01,1,2022-04-01,GradientBoosting,117.97752689142716,116.79099534361951,1.366172751952873,0.3553544025821946,1.1865315478076468,1.0057267507392258,1.0108183493706784
57,2022-03-01,1,2022-04-01,SVR,117.97752689142716,116.74380268764696,1.366172751952873,0.31493845000230525,1.2337242037801985,1.0457281452556428,1.0512343019505677
57,2022-03-01,2,2022-05-01,Naive-drift,119.72445540542479,117.09275065502075,2.836046877050186,0.6133932650494334,2.6317047504040403,2.1981346597002736,2.2226536120007525
57,2022-03-01,2,2022-05-01,OLS-trend,119.72445540542479,115.52254615986155,2.836046877050186,-0.7366712976419555,4.201909245563243,3.5096499134903163,3.5727181746921413
57,2022-03-01,2,2022-05-01,Lasso,119.72445540542479,116.68493343464648,2.836046877050186,0.2644997120590016,3.03952197077831,2.538764499270871,2.571547164991184
57,2022-03-01,2,2022-05-01,RandomForest,119.72445540542479,116.64144371119662,2.836046877050186,0.22722169447223475,3.0830116942281762,2.5750893447693084,2.608825182577951
57,2022-03-01,2,2022-05-01,GradientBoosting,119.72445540542479,116.71757676342597,2.836046877050186,0.2924714155035112,3.0068786419988243,2.5114991183852826,2.543575461546675
57,2022-03-01,2,2022-05-01,SVR,119.72445540542479,116.8422281506353,2.836046877050186,0.39921187034363675,2.8822272547894983,2.4073838924799174,2.436835006706549
57,2022-03-01,3,2022-06-01,Naive-drift,120.88250917453117,117.45242144538099,3.7986646579094066,0.92008989757415,3.4300877291501735,2.837538493015383,2.8785747603352565
57,2022-03-01,3,2022-06-01,OLS-trend,120.88250917453117,115.7452697285799,3.7986646579094066,-0.5440602880039873,5.137239445951266,4.249778963914521,4.342724945913394
57,2022-03-01,3,2022-06-01,Lasso,120.88250917453117,116.26654841876005,3.7986646579094066,-0.09470424098502439,4.615960755771113,3.81855140771983,3.893368898894431
57,2022-03-01,3,2022-06-01,RandomForest,120.88250917453117,116.5521769175496,3.7986646579094066,0.1506614543021822,4.330332256981563,3.582265363742073,3.6480032036072245
57,2022-03-01,3,2022-06-01,GradientBoosting,120.88250917453117,116.6182375896952,3.7986646579094066,0.2073244525240775,4.264271584835967,3.527616703156928,3.591340205385329
57,2022-03-01,3,2022-06-01,SVR,120.88250917453117,116.92677353436007,3.7986646579094066,0.4715442897846571,3.955735640171099,3.2723804851368326,3.327120368124749
58,2022-04-01,1,2022-05-01,Naive-drift,119.72445540542479,118.44635587244095,1.4698741250973173,0.3966008764083077,1.2780995329838447,1.0675342215220744,1.0732732486890095
58,2022-04-01,1,2022-05-01,OLS-trend,119.72445540542479,115.70721542195011,1.4698741250973173,-1.9431160802473584,4.017239983474681,3.3554046830875435,3.4129902053446757
58,2022-04-01,1,2022-05-01,Lasso,119.72445540542479,118.09583952206657,1.4698741250973173,0.10023378947180661,1.628615883358222,1.3603034382935504,1.3696403356255107
58,2022-04-01,1,2022-05-01,RandomForest,119.72445540542479,118.1834352787214,1.4698741250973173,0.1743797430191446,1.541020126703387,1.2871389738086563,1.2954943820781728
58,2022-04-01,1,2022-05-01,GradientBoosting,119.72445540542479,118.56520312640805,1.4698741250973173,0.49688903486794017,1.1592522790167408,0.9682669051123656,0.9729850902293771
58,2022-04-01,1,2022-05-01,SVR,119.72445540542479,118.46831856210903,1.4698741250973173,0.41514146684105346,1.2561368433157583,1.0491898577129313,1.0547326582562637
58,2022-04-01,2,2022-06-01,Naive-drift,120.88250917453117,118.91704792533994,2.432491905956523,0.7932017528166154,1.9654612491912218,1.6259269125142601,1.6392901531399073
58,2022-04-01,2,2022-06-01,OLS-trend,120.88250917453117,115.93463397190799,2.432491905956523,-1.7467624216833317,4.94787520262318,4.093127480899157,4.179254327639855
58,2022-04-01,2,2022-06-01,Lasso,120.88250917453117,118.3373628182128,2.432491905956523,0.30453959573516237,2.5451463563183694,2.1054711502088908,2.1279523102213607
58,2022-04-01,2,2022-06-01,RandomForest,120.88250917453117,118.11661781456536,2.432491905956523,0.1178266741034213,2.7658913599658064,2.2880823527350755,2.3146652318531014
58,2022-04-01,2,2022-06-01,GradientBoosting,120.88250917453117,119.03611925746112,2.432491905956523,0.8932813974536922,1.8463899170700415,1.5274252078968749,1.5392105085028307
58,2022-04-01,2,2022-06-01,SVR,120.88250917453117,118.68995394040327,2.432491905956523,0.6020507746879162,2.1925552341278944,1.8137903068857257,1.8304411312686066
58,2022-04-01,3,2022-07-01,Naive-drift,122.03627889061478,119.38961045375534,3.382421222893244,1.189802629224923,2.646668436859443,2.1687554397096465,2.192618593668321
58,2022-04-01,3,2022-07-01,OLS-trend,122.03627889061478,116.16205252186587,3.382421222893244,-1.550793555281519,5.874226368748907,4.8135082634027,4.933214778174763
58,2022-04-01,3,2022-07-01,Lasso,122.03627889061478,116.97016925051447,3.382421222893244,-0.857521763691839,5.066109640100308,4.151314417445677,4.239942986585083
58,2022-04-01,3,2022-07-01,RandomForest,122.03627889061478,118.18664782172534,3.382421222893244,0.17709797449922318,3.849631068889437,3.1544972559676214,3.205323248394021
58,2022-04-01,3,2022-07-01,GradientBoosting,122.03627889061478,118.21204668133781,3.382421222893244,0.19858613014541468,3.824232209276971,3.133684707565329,3.1838350927478296
58,2022-04-01,3,2022-07-01,SVR,122.03627889061478,118.65938705238055,3.382421222893244,0.5762938982931005,3.3768918382342292,2.7671212765025808,2.8061273246001437
59,2022-05-01,1,2022-06-01,Naive-drift,120.88250917453117,120.3320945767668,0.9626177808592071,0.5062477729816051,0.5504145977643589,0.4553302223150131,0.45637000787760207
59,2022-05-01,1,2022-06-01,OLS-trend,120.88250917453117,116.20698922502491,0.9626177808592071,-2.9819906661075617,4.675519949506253,3.8678217232864505,3.944608446966769
59,2022-05-01,1,2022-06-01,Lasso,120.88250917453117,120.8977921587595,0.9626177808592071,0.975259823378325,-0.015282984228335295,0.012642841658977806,-0.012642042519117824
59,2022-05-01,1,2022-06-01,RandomForest,120.88250917453117,120.20142700281168,0.9626177808592071,0.3975996428159523,0.6810821717194813,0.5634249126448303,0.5650181380432548
59,2022-05-01,1,2022-06-01,GradientBoosting,120.88250917453117,121.13863243565001,0.9626177808592071,1.1742714860094252,-0.2561232611188444,0.2118778497136021,-0.21165370515021809
59,2022-05-01,1,2022-06-01,SVR,120.88250917453117,120.5519375254761,0.9626177808592071,0.6887779372508713,0.3305716490550594,0.2734652443206464,0.2738398436083358
59,2022-05-01,2,2022-07-01,Naive-drift,122.03627889061478,120.94281770753298,1.9125470977959487,1.0124955459632101,1.0934611830818,0.8960132126463034,0.9000515518327386
59,2022-05-01,2,2022-07-01,OLS-trend,122.03627889061478,116.44121665631073,1.9125470977959487,-2.780632990007797,5.595062234304052,4.584753226799954,4.6931800878037455
59,2022-05-01,2,2022-07-01,Lasso,122.03627889061478,120.61693199317818,1.9125470977959487,0.7426774885530768,1.419346897436597,1.1630532414945276,1.169869609242872
59,2022-05-01,2,2022-07-01,RandomForest,122.03627889061478,120.61492535613347,1.9125470977959487,0.7410138301401299,1.4213535344813124,1.1646975369966168,1.1715332676558188
59,2022-05-01,2,2022-07-01,GradientBoosting,122.03627889061478,122.282800221448,1.9125470977959487,2.1143499331627718,-0.24652133083321814,0.2020065943293662,-0.20180283536682309
59,2022-05-01,2,2022-07-01,SVR,122.03627889061478,120.74547240379802,1.9125470977959487,0.8491898702914598,1.2908064868167628,1.0577235708520383,1.063357227504489
59,2022-05-01,3,2022-08-01,Naive-drift,123.24353072904623,121.55664044978491,2.896942502531061,1.5187433189448152,1.6868902792613198,1.36874549867448,1.3781991835862457
59,2022-05-01,3,2022-08-01,OLS-trend,123.24353072904623,116.67544408759653,2.896942502531061,-2.5796799484190673,6.568086641449696,5.329356115161767,5.476622450950128
59,2022-05-01,3,2022-08-01,Lasso,123.24353072904623,121.02783240914812,2.896942502531061,1.0827641550463891,2.2156983198981095,1.7978211974220164,1.8141783474846718
59,2022-05-01,3,2022-08-01,RandomForest,123.24353072904623,120.87290683964925,2.896942502531061,0.9546739382390278,2.370623889396981,1.9235280548792886,1.942268564292033
59,2022-05-01,3,2022-08-01,GradientBoosting,123.24353072904623,123.04907040606044,2.896942502531061,2.739032469913161,0.1944603229857904,0.1577854203262936,0.1579100326178997
59,2022-05-01,3,2022-08-01,SVR,123.24353072904623,120.52632127381003,2.896942502531061,0.667526537900251,2.717209455236201,2.2047481430973033,2.22941596463081
60,2022-06-01,1,2022-07-01,Naive-drift,122.03627889061478,121.55087433375986,0.9499293169367408,0.5513818624067597,0.4854045568549168,0.3977543082004337,0.3985474545299811
60,2022-06-01,1,2022-07-01,OLS-trend,122.03627889061478,116.75291798627781,0.9499293169367408,-3.4759185619503064,5.283360904336973,4.329336286197834,4.425847878887047
60,2022-06-01,1,2022-07-01,Lasso,122.03627889061478,121.23508090892022,0.9499293169367408,0.2912402882249247,0.8011979816945569,0.6565244277996197,0.6586890287118161
60,2022-06-01,1,2022-07-01,RandomForest,122.03627889061478,121.29882033068678,0.9499293169367408,0.34380153670045954,0.737458559928001,0.6042945316195768,0.6061277802362812
60,2022-06-01,1,2022-07-01,GradientBoosting,122.03627889061478,121.85942837258489,0.9499293169367408,0.8049078641123046,0.1768505180298945,0.1449163475300747,0.14502145282443613
60,2022-06-01,1,2022-07-01,SVR,122.03627889061478,121.70367074444792,0.9499293169367408,0.6770086462634288,0.3326081461668622,0.27254858079128264,0.27292067067331194
60,2022-06-01,2,2022-08-01,Naive-drift,123.24353072904623,122.22293491583443,1.9343247216718513,1.1027637248135194,1.0205958132117985,0.8281130921635165,0.831560996858332
60,2022-06-01,2,2022-08-01,OLS-trend,123.24353072904623,116.99481020436609,1.9343247216718513,-3.2689498728355746,6.248720524680138,5.070221931906588,5.203274594507426
60,2022-06-01,2,2022-08-01,Lasso,123.24353072904623,121.5685734420924,1.9343247216718513,0.5659418727438466,1.674957286953827,1.3590630494319897,1.3683828489280048
60,2022-06-01,2,2022-08-01,RandomForest,123.24353072904623,123.35768023266267,1.9343247216718513,2.0269029465103663,-0.11414950361644571,0.0926210917045261,-0.09257822483851497
60,2022-06-01,2,2022-08-01,GradientBoosting,123.24353072904623,123.48176907496838,1.9343247216718513,2.127445103047281,-0.23823834592215576,0.1933069788838883,-0.19312038137542986
60,2022-06-01,2,2022-08-01,SVR,123.24353072904623,122.03065087472854,1.9343247216718513,0.9453174542049344,1.2128798543176913,0.9841326738555031,0.9890072674669169
60,2022-06-01,3,2022-09-01,Naive-drift,125.10202610329688,122.89871135292405,3.4310537896732267,1.6541455872202793,2.203314750372826,1.761214281656435,1.7769082024529474
60,2022-06-01,3,2022-09-01,OLS-trend,125.10202610329688,117.23670242245437,3.4310537896732267,-3.0624086595148254,7.865323680842508,6.2871273358499415,6.493462449188052
60,2022-06-01,3,2022-09-01,Lasso,125.10202610329688,121.86301620314971,3.4310537896732267,0.8078520579237046,3.239009900147167,2.589094678189075,2.623201731749522
60,2022-06-01,3,2022-09-01,RandomForest,125.10202610329688,121.90906552792401,3.4310537896732267,0.845632697113421,3.192960575372865,2.55228526253958,2.585421092559806
60,2022-06-01,3,2022-09-01,GradientBoosting,125.10202610329688,125.26010933819342,3.4310537896732267,3.557337467216129,-0.1580832348965373,0.1263634489548617,-0.12628367754290215
60,2022-06-01,3,2022-09-01,SVR,125.10202610329688,121.87466756664668,3.4310537896732267,0.8174126341346695,3.2273585366502004,2.579781189143465,2.6136411555385575
61,2022-07-01,1,2022-08-01,Naive-drift,123.24353072904623,122.81205507414359,0.9843954047351189,0.6336810767034444,0.4314756549026413,0.35010004366983816,0.35071432803167446
61,2022-07-01,1,2022-08-01,OLS-trend,123.24353072904623,117.34126009973247,0.9843954047351189,-3.923192616778276,5.902270629313762,4.789111926929488,4.907588021513394
61,2022-07-01,1,2022-08-01,Lasso,123.24353072904623,122.40901241966957,0.9843954047351189,0.3049629763230884,0.8345183093766622,0.6771295048430331,0.6794324284120306
61,2022-07-01,1,2022-08-01,RandomForest,123.24353072904623,122.58319760631606,0.9843954047351189,0.44715951063575476,0.6603331227301652,0.5357953629078698,0.5372358940993641
61,2022-07-01,1,2022-08-01,GradientBoosting,123.24353072904623,122.36997757721421,0.9843954047351189,0.27306902759263146,0.873553151832013,0.7088024390931642,0.7113263771424874
61,2022-07-01,1,2022-08-01,SVR,123.24353072904623,122.8339690530465,0.9843954047351189,0.6515229929639579,0.4095616759997256,0.3323190057741501,0.332872411771161
61,2022-07-01,2,2022-09-01,Naive-drift,125.10202610329688,123.59276281320983,2.4811244727365,1.2673621534068888,1.5092632900870484,1.206425936571841,1.2137623193296112
61,2022-07-01,2,2022-09-01,OLS-trend,125.10202610329688,117.59153417012799,2.4811244727365,-3.7101323960038917,7.510491933168893,6.003493442198508,6.191256868740392
61,2022-07-01,2,2022-09-01,Lasso,125.10202610329688,122.99954671253423,2.4811244727365,0.7862301617649562,2.102479390762653,1.6806117824395852,1.6948943109715437
61,2022-07-01,2,2022-09-01,RandomForest,125.10202610329688,123.64145941540244,2.4811244727365,1.3067552458221459,1.4605666878944419,1.1675004261629227,1.1743692269143542
61,2022-07-01,2,2022-09-01,GradientBoosting,125.10202610329688,122.77687776313712,2.4811244727365,0.6050337668750774,2.325148340159757,1.8586016650440813,1.8760907058614227
61,2022-07-01,2,2022-09-01,SVR,125.10202610329688,123.36965747379979,2.4811244727365,1.086682518145016,1.7323686294970884,1.384764646470769,1.3944419545914841
61,2022-07-01,3,2022-10-01,Naive-drift,126.13083369408952,124.37843345737095,3.30013623933521,1.901043230110333,1.7524002367185716,1.3893511882817982,1.399093009224877
61,2022-07-01,3,2022-10-01,OLS-trend,126.13083369408952,117.84180824052352,3.30013623933521,-3.4975251568536034,8.289025453565998,6.571767751626635,6.797661396188813
61,2022-07-01,3,2022-10-01,Lasso,126.13083369408952,123.73585445627009,3.30013623933521,1.3830719007099979,2.3949792378194275,1.898805524133831,1.9170643386252122
61,2022-07-01,3,2022-10-01,RandomForest,126.13083369408952,123.0450910064724,3.30013623933521,0.8232513257948462,3.0857426876171132,2.446461818448847,2.476884913540364
61,2022-07-01,3,2022-10-01,GradientBoosting,126.13083369408952,123.99790139025791,3.30013623933521,1.5946272705678068,2.132932303831609,1.6910474951784593,1.7055089687674032
61,2022-07-01,3,2022-10-01,SVR,126.13083369408952,123.29859660018604,3.30013623933521,1.0290659627870284,2.8322370939034727,2.2454755993864417,2.2710702765481816
62,2022-08-01,1,2022-09-01,Naive-drift,125.10202610329688,124.13212224602556,1.4967290680013738,0.7184177813393127,0.9699038572713192,0.775290287041769,0.7783112866620612
62,2022-08-01,1,2022-09-01,OLS-trend,125.10202610329688,117.97232582363209,1.4967290680013738,-4.371225248982506,7.129700279664789,5.6991085610218555,5.867954316983879
62,2022-08-01,1,2022-09-01,Lasso,125.10202610329688,123.63709384009495,1.4967290680013738,0.31882894424986313,1.4649322632019306,1.1709900381568037,1.1779001237515108
62,2022-08-01,1,2022-09-01,RandomForest,125.10202610329688,124.22739732077936,1.4967290680013738,0.7951412985965814,0.8746287825175187,0.6991323879881345,0.7015877694047924
62,2022-08-01,1,2022-09-01,GradientBoosting,125.10202610329688,124.34522495074508,1.4967290680013738,0.8899446906306309,0.7568011525518017,0.604947158830913,0.606784377370743
62,2022-08-01,1,2022-09-01,SVR,125.10202610329688,124.20483327289601,1.4967290680013738,0.776976145152932,0.8971928304008685,0.7171689047306519,0.7197529228484418
62,2022-08-01,2,2022-10-01,Naive-drift,126.13083369408952,125.02712054865422,2.3157408346000894,1.4368355626786253,1.103713145435293,0.8750541902483382,0.8789052719214641
62,2022-08-01,2,2022-10-01,OLS-trend,126.13083369408952,118.2316663619682,2.3157408346000894,-4.151634851590854,7.899167332121323,6.262677491912492,6.467375686190944
62,2022-08-01,2,2022-10-01,Lasso,126.13083369408952,124.60298470586102,2.3157408346000894,1.0970237835724086,1.5278489882284987,1.2113207718376426,1.2187170510276808
62,2022-08-01,2,2022-10-01,RandomForest,126.13083369408952,125.0992434451335,2.3157408346000894,1.4945047322347884,1.0315902489560216,0.8178731708520863,0.821236102365301
62,2022-08-01,2,2022-10-01,GradientBoosting,126.13083369408952,124.460885295174,2.3157408346000894,0.9829169674335114,1.6699483989155226,1.3239810996300234,1.332823867166578
62,2022-08-01,2,2022-10-01,SVR,126.13083369408952,124.67476232427113,2.3157408346000894,1.154612253661676,1.456071369818389,1.1544134984074241,1.1611285809384133
62,2022-08-01,3,2022-11-01,Naive-drift,126.2136556355559,125.92857183015099,2.381382802578304,2.1552533440179378,0.2850838054049092,0.22587397850839025,0.22612945856036637
62,2022-08-01,3,2022-11-01,OLS-trend,126.2136556355559,118.4910069003043,2.381382802578304,-3.932525597274404,7.722648735251596,6.118710924236976,6.313908399852709
62,2022-08-01,3,2022-11-01,Lasso,126.2136556355559,125.76704691337163,2.381382802578304,2.0269039196141394,0.4466087221842656,0.35385134828346626,0.35447888296416474
62,2022-08-01,3,2022-11-01,RandomForest,126.2136556355559,124.58797098694588,2.381382802578304,1.0849738125840345,1.6256846486100187,1.2880418053211382,1.2964089899942697
62,2022-08-01,3,2022-11-01,GradientBoosting,126.2136556355559,124.99360051208754,2.381382802578304,1.4100217557067214,1.2200551234683559,0.9666585737689795,0.9713610468715828
62,2022-08-01,3,2022-11-01,SVR,126.2136556355559,124.85008192668045,2.381382802578304,1.2951350395072236,1.3635737088754496,1.0803693958542744,1.0862477630710805
63,2022-09-01,1,2022-10-01,Naive-drift,126.13083369408952,126.09904415257742,0.8190117665987215,0.793804965602877,0.03178954151209723,0.025203624348664622,0.02520680099584449
63,2022-09-01,1,2022-10-01,OLS-trend,126.13083369408952,118.68434574480406,0.8190117665987215,-5.266220112849886,7.446487949285455,5.903780805370508,6.085231879448607
63,2022-09-01,1,2022-10-01,Lasso,126.13083369408952,125.5310932265157,0.8190117665987215,0.34238694672489345,0.5997404675738238,0.4754907662216837,0.4766248198738281
63,2022-09-01,1,2022-10-01,RandomForest,126.13083369408952,126.33908398664349,0.8190117665987215,0.9839821850128093,-0.20825029255396998,0.16510656946821448,-0.16497041841408777
63,2022-09-01,1,2022-10-01,GradientBoosting,126.13083369408952,126.48605590927154,0.8190117665987215,1.1002458914179831,-0.35522221518202457,0.281629958970667,-0.2812341248192616
63,2022-09-01,1,2022-10-01,SVR,126.13083369408952,126.46529507002725,0.8190117665987215,1.0838310043572625,-0.3344613759377353,0.2651701936331593,-0.264819237758541
63,2022-09-01,2,2022-11-01,Naive-drift,126.2136556355559,127.10400807628984,0.8846537345769308,1.587609931205754,-0.8903524407339489,0.7054327332890641,-0.7029561966288234
63,2022-09-01,2,2022-11-01,OLS-trend,126.2136556355559,118.95429595617539,0.8846537345769308,-5.039026146787705,7.259359679380509,5.751643625902125,5.923679881364636
63,2022-09-01,2,2022-11-01,Lasso,126.2136556355559,127.0752803336837,0.8846537345769308,1.5650056168195114,-0.8616246981277982,0.6826715332735107,-0.6803518822425807
63,2022-09-01,2,2022-11-01,RandomForest,126.2136556355559,127.60244242230861,0.8846537345769308,1.9789898756768283,-1.3887867867527177,1.1003459013681243,-1.0943361410998975
63,2022-09-01,2,2022-11-01,GradientBoosting,126.2136556355559,127.48420597378417,0.8846537345769308,1.886286899856316,-1.2705503382282757,1.0066663007503813,-1.0016331652793853
63,2022-09-01,2,2022-11-01,SVR,126.2136556355559,127.16946601949614,0.8846537345769308,1.6390961862192284,-0.9558103839402463,0.7572955391611231,-0.7544424516422976
63,2022-09-01,3,2022-12-01,Naive-drift,126.38398885651827,128.11698120018892,1.0195190039048567,2.3814148968086313,-1.7329923436706451,1.3712119385930157,-1.3618958929037746
63,2022-09-01,3,2022-12-01,OLS-trend,126.38398885651827,119.22424616754671,1.0195190039048567,-4.812347181877168,7.159742688971562,5.665070990202647,5.831866185782025
63,2022-09-01,3,2022-12-01,Lasso,126.38398885651827,128.76529829524176,1.0195190039048567,2.886174098432784,-2.381309438723491,1.884186011431364,-1.8666550945279274
63,2022-09-01,3,2022-12-01,RandomForest,126.38398885651827,126.84387843114123,1.0195190039048567,1.3827413341805792,-0.459889574622963,0.36388278197570445,-0.3632223302757225
63,2022-09-01,3,2022-12-01,GradientBoosting,126.38398885651827,126.37583360807277,1.0195190039048567,1.0130660412711712,0.008155248445504526,0.006452754434553454,0.006452962633685555
63,2022-09-01,3,2022-12-01,SVR,126.38398885651827,126.9772702623508,1.0195190039048567,1.4878482917186358,-0.5932814058325278,0.46942766342504877,-0.468329287813779
64,2022-10-01,1,2022-11-01,Naive-drift,126.2136556355559,127.20487998211941,0.06564196797821552,0.847928393204119,-0.9912243465635129,0.7853542800675153,-0.7822864252259034
64,2022-10-01,1,2022-11-01,OLS-trend,126.2136556355559,119.41970145300573,0.06564196797821552,-5.467553973648934,6.793954182550166,5.382899455957307,5.533195941627149
64,2022-10-01,1,2022-11-01,Lasso,126.2136556355559,126.57525800260296,0.06564196797821552,0.35173253142830163,-0.3616023670470696,0.2865001930466246,-0.2860905634500861
64,2022-10-01,1,2022-11-01,RandomForest,126.2136556355559,127.23440453992637,0.06564196797821552,0.871135939943567,-1.0207489043704783,0.8087468025788812,-0.8054939719653514
64,2022-10-01,1,2022-11-01,GradientBoosting,126.2136556355559,127.11977178094963,0.06564196797821552,0.7809996045422504,-0.9061161453937387,0.7179224314761667,-0.7153576365640348
64,2022-10-01,1,2022-11-01,SVR,126.2136556355559,127.25554012437486,0.06564196797821552,0.8877460928711765,-1.0418844888189653,0.8254926803066578,-0.8221041248929609
64,2022-10-01,2,2022-12-01,Naive-drift,126.38398885651827,128.28807213397218,0.2005072373061439,1.695856786408238,-1.904083277453907,1.506585837875067,-1.495349549102094
64,2022-10-01,2,2022-12-01,OLS-trend,126.38398885651827,119.70039179122699,0.2005072373061439,-5.232784520914361,6.683597065291281,5.288325780632752,5.433291758220505
64,2022-10-01,2,2022-12-01,Lasso,126.38398885651827,128.32586605739684,0.2005072373061439,1.7253126483651526,-1.9418772008785652,1.5364898817073636,-1.5248054110590088
64,2022-10-01,2,2022-12-01,RandomForest,126.38398885651827,128.4633220542483,0.2005072373061439,1.8323701230125868,-2.0793331977300227,1.6452504914136368,-1.631862885706443
64,2022-10-01,2,2022-12-01,GradientBoosting,126.38398885651827,128.88352118452866,0.2005072373061439,2.1589329037487515,-2.499532328010389,1.977728627356483,-1.9584256664426076
64,2022-10-01,2,2022-12-01,SVR,126.38398885651827,128.29090966740242,0.2005072373061439,1.6980686070417423,-1.9069208108841451,1.5088310063144486,-1.4975613697355985
64,2022-10-01,3,2023-01-01,Naive-drift,126.19160728548135,129.38048802974106,0.04817137336741497,2.5437851796123567,-3.1888807442597056,2.5270149202914496,-2.4956138062449416
64,2022-10-01,3,2023-01-01,OLS-trend,126.19160728548135,119.98108212944823,0.04817137336741497,-4.998564944449634,6.210525156033128,4.921504123474038,5.046736317817049
64,2022-10-01,3,2023-01-01,Lasso,126.19160728548135,130.32281761376075,0.04817137336741497,3.2694853914427733,-4.131210328279394,3.273759972747966,-3.221314018075358
64,2022-10-01,3,2023-01-01,RandomForest,126.19160728548135,128.98955843539585,0.04817137336741497,2.2411727847009617,-2.7979511499144962,2.217224433622383,-2.1930014113335465
64,2022-10-01,3,2023-01-01,GradientBoosting,126.19160728548135,128.76647384318383,0.04817137336741497,2.068075266135181,-2.574866557702478,2.040442001723139,-2.0199038927677657
64,2022-10-01,3,2023-01-01,SVR,126.19160728548135,128.5451711975547,0.04817137336741497,1.8960638516033694,-2.353563912073355,1.8650716657795816,-1.8478924782359545
65,2022-11-01,1,2022-12-01,Naive-drift,126.38398885651827,127.27625035160412,0.1348652693279326,0.8383773198728331,-0.8922614950858474,0.7059925099363794,-0.7035120505449005
65,2022-11-01,1,2022-12-01,OLS-trend,126.38398885651827,120.1184812793839,0.1348652693279326,-4.949755088373322,6.265507577134372,4.957516876799563,5.0846203577012545
65,2022-11-01,1,2022-12-01,Lasso,126.38398885651827,126.65140354405389,0.1348652693279326,0.3462307898234933,-0.26741468753562003,0.21158905487562327,-0.2113655204955607
65,2022-11-01,1,2022-12-01,RandomForest,126.38398885651827,126.62128689293219,0.1348652693279326,0.3224487932634307,-0.2372980364139181,0.1877595718895364,-0.18758352393549807
65,2022-11-01,1,2022-12-01,GradientBoosting,126.38398885651827,126.78727601911524,0.1348652693279326,0.4534539558477424,-0.4032871625969676,0.31909671964445835,-0.31858868651980976
65,2022-11-01,1,2022-12-01,SVR,126.38398885651827,126.9856676975979,0.1348652693279326,0.6098076758255808,-0.6016788410796323,0.4760720456154527,-0.4749424064976482
65,2022-11-01,2,2023-01-01,Naive-drift,126.19160728548135,128.34779106897753,-0.017470594610791142,1.6767546397456663,-2.156183783496175,1.7086586262573495,-1.6942252343564574
65,2022-11-01,2,2023-01-01,OLS-trend,126.19160728548135,120.40867365142691,-0.017470594610791142,-4.708457998297568,5.782933634054444,4.582661048901455,4.690987403686777
65,2022-11-01,2,2023-01-01,Lasso,126.19160728548135,127.78954636685317,-0.017470594610791142,1.240859122424475,-1.5979390813718197,1.2662799973351844,-1.258329717035266
65,2022-11-01,2,2023-01-01,RandomForest,126.19160728548135,127.90916204159136,-0.017470594610791142,1.3344189876331236,-1.7175547561100046,1.3610689276858219,-1.3518895822439148
65,2022-11-01,2,2023-01-01,GradientBoosting,126.19160728548135,128.24777829866701,-0.017470594610791142,1.5988010136393311,-2.0561710131856614,1.629403933760838,-1.6162716082501223
65,2022-11-01,2,2023-01-01,SVR,126.19160728548135,128.13355310761813,-0.017470594610791142,1.509695306932783,-1.9419458221367734,1.5388866691772447,-1.5271659015435741
65,2022-11-01,3,2023-02-01,Naive-drift,126.04309300495795,129.4283531041995,-0.1352294101224018,2.5151319596184996,-3.3852600992415347,2.685795800891981,-2.650361369740901
65,2022-11-01,3,2023-02-01,OLS-trend,126.04309300495795,120.6988660234699,-0.1352294101224018,-4.467741749805923,5.344226981488049,4.2399998715342795,4.332512339683522
65,2022-11-01,3,2023-02-01,Lasso,126.04309300495795,129.50644230966395,-0.1352294101224018,2.5754476910033492,-3.463349304706,2.747750171895391,-2.710677101125751
65,2022-11-01,3,2023-02-01,RandomForest,126.04309300495795,128.2220027107283,-0.1352294101224018,1.5787007211806678,-2.1789097057703515,1.7287021873421047,-1.7139301313030697
65,2022-11-01,3,2023-02-01,GradientBoosting,126.04309300495795,128.87210633211706,-0.1352294101224018,2.0844338236841353,-2.829013327159103,2.244481041930495,-2.219663233806537
65,2022-11-01,3,2023-02-01,SVR,126.04309300495795,128.56985423744442,-0.1352294101224018,1.849621881698972,-2.5267612324864643,2.0046804408291323,-1.9848512918213739
66,2022-12-01,1,2023-01-01,Naive-drift,126.19160728548135,127.41422006272286,-0.1523358639387256,0.8118551105661916,-1.2226127772415083,0.9688542713269432,-0.9641909745049173
66,2022-12-01,1,2023-01-01,OLS-trend,126.19160728548135,120.78840138337445,-0.1523358639387256,-4.528453739775699,5.4032059021069045,4.281747430225937,4.376117875836973
66,2022-12-01,1,2023-01-01,Lasso,126.19160728548135,126.81726992323762,-0.1523358639387256,0.3422427611348974,-0.625662637756264,0.4958036839493112,-0.494578625073623
66,2022-12-01,1,2023-01-01,RandomForest,126.19160728548135,126.51662989573802,-0.1523358639387256,0.10489579031983985,-0.3250226102566671,0.25756277873644434,-0.2572316542585655
66,2022-12-01,1,2023-01-01,GradientBoosting,126.19160728548135,126.38975105332561,-0.1523358639387256,0.004559173599596906,-0.19814376784425747,0.1570181821965385,-0.1568950375383225
66,2022-12-01,1,2023-01-01,SVR,126.19160728548135,126.98357518088231,-0.1523358639387256,0.4732945560005281,-0.7919678954009584,0.6275915747782668,-0.6256304199392537
66,2022-12-01,2,2023-02-01,Naive-drift,126.04309300495795,128.4528492974107,-0.2700946794503339,1.6237102211323833,-2.409756292452741,1.9118511256764799,-1.893804900582717
66,2022-12-01,2,2023-02-01,OLS-trend,126.04309300495795,121.08709512255061,-0.2700946794503339,-4.281472218020359,4.955997882407345,3.9319868818296926,4.011377538570025
66,2022-12-01,2,2023-02-01,Lasso,126.04309300495795,127.31132639456202,-0.2700946794503339,0.7310672389230086,-1.2682333896040632,1.0061903110820811,-1.0011619183733425
66,2022-12-01,2,2023-02-01,RandomForest,126.04309300495795,127.27252542180257,-0.2700946794503339,0.7005853581728777,-1.2294324168446167,0.9754064165945662,-0.9706800376232116
66,2022-12-01,2,2023-02-01,GradientBoosting,126.04309300495795,127.32906891069884,-0.2700946794503339,0.7450025897099719,-1.2859759057408837,1.0202668588038373,-1.0150972691603057
66,2022-12-01,2,2023-02-01,SVR,126.04309300495795,127.8250937279668,-0.2700946794503339,1.1338070967586211,-1.7820007230088493,1.4138027562833242,-1.403901776208955
66,2022-12-01,3,2023-03-01,Naive-drift,126.86679743866817,129.4999450179163,0.38128937259525647,2.435565331698575,-2.6331475792481314,2.075521438555337,-2.054275959103318
66,2022-12-01,3,2023-03-01,OLS-trend,126.86679743866817,121.38578886172675,0.38128937259525647,-4.035099192421405,5.48100857694142,4.320286069797837,4.416388565016661
66,2022-12-01,3,2023-03-01,Lasso,126.86679743866817,128.37598282077838,0.38128937259525647,1.5638520827034057,-1.5091853821102035,1.189582627274718,-1.1825627101081493
66,2022-12-01,3,2023-03-01,RandomForest,126.86679743866817,128.41134204807557,0.38128937259525647,1.5913917811980474,-1.5445446094073958,1.2174537708765625,-1.210102408602791
66,2022-12-01,3,2023-03-01,GradientBoosting,126.86679743866817,129.183118765859,0.38128937259525647,2.1906119854363024,-2.3163213271908347,1.825790020679465,-1.809322612841046
66,2022-12-01,3,2023-03-01,SVR,126.86679743866817,128.48501122824462,0.38128937259525647,1.648745014320204,-1.6182137895764441,1.2755219034820713,-1.2674556417249476
67,2023-01-01,1,2023-02-01,Naive-drift,126.04309300495795,127.23684646754505,-0.11775881551160841,0.8248837834692694,-1.1937534625870967,0.9470994674338403,-0.9426425989808778
67,2023-01-01,1,2023-02-01,OLS-trend,126.04309300495795,121.4096745793928,-0.11775881551160841,-3.863087740310995,4.633418425565154,3.6760589692787815,3.7453289247993866
67,2023-01-01,1,2023-02-01,Lasso,126.04309300495795,126.61263200312321,-0.11775881551160841,0.3330838977076081,-0.5695389981652568,0.4518605380009627,-0.45084271321921654
67,2023-01-01,1,2023-02-01,RandomForest,126.04309300495795,126.70740446981613,-0.11775881551160841,0.4079081969885667,-0.6643114648581729,0.5270510656478749,-0.5256670125001751
67,2023-01-01,1,2023-02-01,GradientBoosting,126.04309300495795,126.64608543084293,-0.11775881551160841,0.3595022798689308,-0.6029924258849775,0.4784018001377184,-0.4772610953805392
67,2023-01-01,1,2023-02-01,SVR,126.04309300495795,126.77472952924107,-0.11775881551160841,0.46102835969661393,-0.7316365242831182,0.5804653843700416,-0.5787871752082223
67,2023-01-01,2,2023-03-01,Naive-drift,126.86679743866817,128.2907433168754,0.5336252365339782,1.6497675669385388,-1.4239458782072205,1.1223944380684832,-1.1161423304045606
67,2023-01-01,2,2023-03-01,OLS-trend,126.86679743866817,121.71548404188164,0.5336252365339782,-3.61152214709973,5.151313396786534,4.060410998612035,4.1451473836337085
67,2023-01-01,2,2023-03-01,Lasso,126.86679743866817,126.96438621620861,0.5336252365339782,0.6105179027096207,-0.09758877754043738,0.07692223616475792,-0.0768926661756425
67,2023-01-01,2,2023-03-01,RandomForest,126.86679743866817,127.33119442178463,0.5336252365339782,0.899007745165186,-0.4643969831164583,0.3660508442651939,-0.3653825086312078
67,2023-01-01,2,2023-03-01,GradientBoosting,126.86679743866817,127.37627947179257,0.5336252365339782,0.934409180222906,-0.5094820331243994,0.40158815656295005,-0.4007839436889278
67,2023-01-01,2,2023-03-01,SVR,126.86679743866817,127.30520806295888,0.5336252365339782,0.8785971843322564,-0.43841062429071087,0.34556766083943585,-0.3449719477982782
67,2023-01-01,3,2023-04-01,Naive-drift,127.46711087984401,129.35336954452552,1.005693282802437,2.4746513504078083,-1.886258664681506,1.4798002807638548,-1.4689580676053713
67,2023-01-01,3,2023-04-01,OLS-trend,127.46711087984401,122.02129350437049,1.005693282802437,-3.3605878186524616,5.445817375473524,4.272331378567908,4.366281101454899
67,2023-01-01,3,2023-04-01,Lasso,127.46711087984401,127.74789448683511,1.005693282802437,1.22573028248838,-0.2807836069910934,0.2202792587460244,-0.22003699968594304
67,2023-01-01,3,2023-04-01,RandomForest,127.46711087984401,128.36071393200012,1.005693282802437,1.704293356589856,-0.8936030521561094,0.7010459764781662,-0.698600073787419
67,2023-01-01,3,2023-04-01,GradientBoosting,127.46711087984401,129.4669498969941,1.005693282802437,2.5624190805494993,-1.9998390171500802,1.5689058952902872,-1.5567257977470623
67,2023-01-01,3,2023-04-01,SVR,127.46711087984401,128.11133414672602,1.005693282802437,1.5098239274765854,-0.6442232668820083,0.5054035212967845,-0.5041306446741485
68,2023-02-01,1,2023-03-01,Naive-drift,126.86679743866817,126.97142428132415,0.6513840520455824,0.7338199026216758,-0.10462684265597488,0.08246983826209939,-0.08243585057609348
68,2023-02-01,1,2023-03-01,OLS-trend,126.86679743866817,121.9880380669149,0.6513840520455824,-3.270086516160833,4.878759371753276,3.8455762029555745,3.921470568206415
68,2023-02-01,1,2023-03-01,Lasso,126.86679743866817,126.45325624508128,0.6513840520455824,0.324886757467259,0.41354119358689445,0.32596487176781985,0.3264972945783234
68,2023-02-01,1,2023-03-01,RandomForest,126.86679743866817,126.32743946398054,0.6513840520455824,0.22534055506629444,0.5393579746876327,0.4251372191753931,0.4260434969792879
68,2023-02-01,1,2023-03-01,GradientBoosting,126.86679743866817,126.2688750040821,0.6513840520455824,0.17897055076033067,0.5979224345860672,0.4712993838085365,0.4724135012852517
68,2023-02-01,1,2023-03-01,SVR,126.86679743866817,126.18887284505132,0.6513840520455824,0.11559189639906864,0.6779245936168508,0.5343593495725966,0.5357921556465137
68,2023-02-01,2,2023-04-01,Naive-drift,127.46711087984401,127.90659289354217,1.1234520983140464,1.4676398052433517,-0.43948201369815365,0.344780712973426,-0.34418770692930534
68,2023-02-01,2,2023-04-01,OLS-trend,127.46711087984401,122.29977261690446,1.1234520983140464,-3.014867298854279,5.167338262939552,4.053860032813097,4.138319397168325
68,2023-02-01,2,2023-04-01,Lasso,127.46711087984401,126.79308030900457,1.1234520983140464,0.5932612362550388,0.6740305708394487,0.5287878309839618,0.5301908620590076
68,2023-02-01,2,2023-04-01,RandomForest,127.46711087984401,127.1330504626107,1.1234520983140464,0.8610323047220928,0.33406041723331725,0.2620757738427264,0.26241979359195355
68,2023-02-01,2,2023-04-01,GradientBoosting,127.46711087984401,126.7773216783759,1.1234520983140464,0.5808318434509558,0.6897892014681162,0.5411507303388567,0.5426202548630905
68,2023-02-01,2,2023-04-01,SVR,127.46711087984401,126.98924835733148,1.1234520983140464,0.7478567815221908,0.47786252251253813,0.3748908398520085,0.37559531679185554
68,2023-02-01,3,2023-05-01,Naive-drift,127.12840644465746,128.84864919988686,0.8573793578615911,2.2014597078650278,-1.7202427552294068,1.3531537154745006,-1.3440803500034366
68,2023-02-01,3,2023-05-01,OLS-trend,127.12840644465746,122.61150716689403,0.8573793578615911,-2.7602977922018863,4.516899277763429,3.5530212358398128,3.6176771500634777
68,2023-02-01,3,2023-05-01,Lasso,127.12840644465746,127.32302472203044,0.8573793578615911,1.0103502524888064,-0.19461827737298165,0.15308795478192705,-0.15297089462721525
68,2023-02-01,3,2023-05-01,RandomForest,127.12840644465746,127.76739876009782,0.8573793578615911,1.3587557171152154,-0.6389923154403618,0.502635353742543,-0.5013763592536242
68,2023-02-01,3,2023-05-01,GradientBoosting,127.12840644465746,128.35158645739602,0.8573793578615911,1.8149411185258495,-1.2231800127385668,0.9621610519211936,-0.9575617606642584
68,2023-02-01,3,2023-05-01,SVR,127.12840644465746,127.69772332688333,0.8573793578615911,1.3042078129841774,-0.569316882225877,0.44782822199043015,-0.4468284551225863
69,2023-03-01,1,2023-04-01,Naive-drift,127.46711087984401,127.78252591470124,0.4720680462684635,0.7192105686735673,-0.31541503485722444,0.24744817128125562,-0.24714252240510376
69,2023-03-01,1,2023-04-01,OLS-trend,127.46711087984401,122.58259924715102,0.4720680462684635,-3.4352614647365067,4.884511632692991,3.8319779894417954,3.90732951100497
69,2023-03-01,1,2023-04-01,Lasso,127.46711087984401,127.28706214977706,0.4720680462684635,0.33071706629901493,0.18004873006695732,0.14125112652524072,0.14135097996944856
69,2023-03-01,1,2023-04-01,RandomForest,127.46711087984401,127.38854992930776,0.4720680462684635,0.41041671564847315,0.07856095053625722,0.061632330092044024,0.06165133061999034
69,2023-03-01,1,2023-04-01,GradientBoosting,127.46711087984401,127.45927058429207,0.4720680462684635,0.4659170190508023,0.007840295551943655,0.006150838045850317,0.006151027217661198
69,2023-03-01,1,2023-04-01,SVR,127.46711087984401,127.39282711022373,0.4720680462684635,0.4137742459091936,0.07428376962027983,0.05827681282452766,0.0582938003592699
69,2023-03-01,2,2023-05-01,Naive-drift,127.12840644465746,128.7048641472565,0.20599530581600511,1.4384211373471345,-1.5764577025990434,1.2400514933578748,-1.2324258315311294
69,2023-03-01,2,2023-05-01,OLS-trend,127.12840644465746,122.90039436778873,0.20599530581600511,-3.1763471558546654,4.228012076868723,3.3257807559393058,3.3823424616706705
69,2023-03-01,2,2023-05-01,Lasso,127.12840644465746,127.75182052123945,0.20599530581600511,0.6951782661374762,-0.6234140765819944,0.49038141357760506,-0.4891829603214711
69,2023-03-01,2,2023-05-01,RandomForest,127.12840644465746,127.67051124290006,0.20599530581600511,0.6315117256871184,-0.5421047982426046,0.4264230264528628,-0.4255164198711133
69,2023-03-01,2,2023-05-01,GradientBoosting,127.12840644465746,127.62448587004339,0.20599530581600511,0.5954551057957926,-0.4960794253859291,0.39021918016559604,-0.3894597999797875
69,2023-03-01,2,2023-05-01,SVR,127.12840644465746,127.91289854482105,0.20599530581600511,0.8211855192955058,-0.7844921001635896,0.6170863948531448,-0.6151902134795006
69,2023-03-01,3,2023-06-01,Naive-drift,126.7942056138964,129.63385984576132,-0.057235306870104384,2.1576317060207018,-2.8396542318649267,2.2395772883439293,-2.214867012890806
69,2023-03-01,3,2023-06-01,OLS-trend,126.7942056138964,123.21818948842645,-0.057235306870104384,-2.918101482346178,3.5760161254699483,2.8203308725000786,2.860866175476074
69,2023-03-01,3,2023-06-01,Lasso,126.7942056138964,128.2288963637924,-0.057235306870104384,1.067922276487128,-1.4346907498959922,1.1315112886662961,-1.1251575833572323
69,2023-03-01,3,2023-06-01,RandomForest,126.7942056138964,127.8974485545022,-0.057235306870104384,0.80910626565089,-1.10324294060581,0.8701051718130695,-0.8663415725209944
69,2023-03-01,3,2023-06-01,GradientBoosting,126.7942056138964,127.90307554005406,-0.057235306870104384,0.813505776224766,-1.1088699261576664,0.8745430603779393,-0.8707410830948704
69,2023-03-01,3,2023-06-01,SVR,126.7942056138964,128.42286716103425,-0.057235306870104384,1.2190771577235622,-1.6286615471378525,1.2844920942975286,-1.2763124645936665
70,2023-04-01,1,2023-05-01,Naive-drift,127.12840644465746,128.2915484195893,-0.266072740452456,0.6447018431998612,-1.1631419749318468,0.9149347557016652,-0.9107745836523172
70,2023-04-01,1,2023-05-01,OLS-trend,127.12840644465746,123.17950931822833,-0.266072740452456,-3.421566064136837,3.948897126429131,3.1062271893954683,3.155493323684381
70,2023-04-01,1,2023-05-01,Lasso,127.12840644465746,127.89253570968008,-0.266072740452456,0.3331969080528642,-0.7641292650226177,0.6010688613132774,-0.5992696485053202
70,2023-04-01,1,2023-05-01,RandomForest,127.12840644465746,127.72516183644102,-0.266072740452456,0.20224048463948896,-0.5967553917835602,0.46941152530165986,-0.46831322509194495
70,2023-04-01,1,2023-05-01,GradientBoosting,127.12840644465746,127.6909912621835,-0.266072740452456,0.17548370042923622,-0.5625848175260444,0.442532737772461,-0.4415564408816922
70,2023-04-01,1,2023-05-01,SVR,127.12840644465746,127.9736996453018,-0.266072740452456,0.3966393847293721,-0.845293200644349,0.664912920946845,-0.6627121251818281
70,2023-04-01,2,2023-06-01,Naive-drift,126.7942056138964,129.12131829370895,-0.5293033531385729,1.2894036863997225,-2.327112679812558,1.8353462356938421,-1.8187070395382954
70,2023-04-01,2,2023-06-01,OLS-trend,126.7942056138964,123.50320123359364,-0.5293033531385729,-3.159130078720169,3.291004380302752,2.5955479308922493,2.629826725581596
70,2023-04-01,2,2023-06-01,Lasso,126.7942056138964,128.33281833476605,-0.5293033531385729,0.676865519669471,-1.5386127208696507,1.2134724244062947,-1.206168872808044
70,2023-04-01,2,2023-06-01,RandomForest,126.7942056138964,127.69832487420469,-0.5293033531385729,0.18122678485747054,-0.9041192603082919,0.7130603925714427,-0.7105301379960435
70,2023-04-01,2,2023-06-01,GradientBoosting,126.7942056138964,127.9524927685212,-0.5293033531385729,0.38006673413104375,-1.1582871546248015,0.9135174190466756,-0.9093700872696167
70,2023-04-01,2,2023-06-01,SVR,126.7942056138964,128.36748507203885,-0.5293033531385729,0.7038750222087612,-1.5732794581424514,1.2408133719716472,-1.2331783753473342
70,2023-04-01,3,2023-07-01,Naive-drift,126.76068780803445,129.95645499091611,-0.5557416565803508,1.9341055295995835,-3.195767182881667,2.521102747344915,-2.4898471861799343
70,2023-04-01,3,2023-07-01,OLS-trend,126.76068780803445,123.82689314895894,-0.5557416565803508,-2.897381017425049,2.9337946590755024,2.31443573698371,2.3416393608446984
70,2023-04-01,3,2023-07-01,Lasso,126.76068780803445,128.85439890702798,-0.5557416565803508,1.082469882841349,-2.0937110989935377,1.6517038012323189,-1.6382115394216998
70,2023-04-01,3,2023-07-01,RandomForest,126.76068780803445,127.92078998088915,-0.5557416565803508,0.35528666529883757,-1.1601021728547067,0.9151908157926358,-0.9110283218791884
70,2023-04-01,3,2023-07-01,GradientBoosting,126.76068780803445,128.5670357425778,-0.5557416565803508,0.8592069799614844,-1.8063479345433393,1.4250064162470155,-1.4149486365418351
70,2023-04-01,3,2023-07-01,SVR,126.76068780803445,128.91012101177697,-0.5557416565803508,1.1257047746212763,-2.149433203742518,1.6956623073847672,-1.681446431201627
71,2023-05-01,1,2023-06-01,Naive-drift,126.7942056138964,127.76569083461413,-0.26323061268611636,0.5000396044040494,-0.9714852207177387,0.7661905494924808,-0.7632702170901657
71,2023-05-01,1,2023-06-01,OLS-trend,126.7942056138964,123.72567431113896,-0.26323061268611636,-2.7130839131529365,3.0685313027574352,2.420087958988822,2.4498533004668204
71,2023-05-01,1,2023-06-01,Lasso,126.7942056138964,127.53952247516172,-0.26323061268611636,0.3228646727338082,-0.7453168612653229,0.5878161842307703,-0.5860952854199246
71,2023-05-01,1,2023-06-01,RandomForest,126.7942056138964,127.29572749535913,-0.26323061268611636,0.13152924782140532,-0.501521881462736,0.39554006354985216,-0.39475986050752165
71,2023-05-01,1,2023-06-01,GradientBoosting,126.7942056138964,127.23981095191482,-0.26323061268611636,0.08759310854206814,-0.4456053380184244,0.3514398279171733,-0.3508237212281845
71,2023-05-01,1,2023-06-01,SVR,126.7942056138964,127.15119385718829,-0.26323061268611636,0.017923115000004597,-0.3569882432918945,0.2815493354475256,-0.28115372768612096
71,2023-05-01,2,2023-07-01,Naive-drift,126.76068780803445,128.4061698795267,-0.28966891612789747,1.0000792088080988,-1.6454820714922391,1.2981012488541765,-1.289748124935996
71,2023-05-01,2,2023-07-01,OLS-trend,126.76068780803445,124.05400108228646,-0.28966891612789747,-2.448068662981313,2.7066867257479856,2.1352729876686802,2.1583997468534157
71,2023-05-01,2,2023-07-01,Lasso,126.76068780803445,127.909334242489,-0.28966891612789747,0.61240366729587,-1.1486464344545482,0.9061535199257129,-0.9020725834237675
71,2023-05-01,2,2023-07-01,RandomForest,126.76068780803445,127.61142869493497,-0.28966891612789747,0.3792283440014499,-0.8507408869005246,0.6711393742110969,-0.6688972601293474
71,2023-05-01,2,2023-07-01,GradientBoosting,126.76068780803445,127.98926548674451,-0.28966891612789747,0.674874698352402,-1.2285776787100673,0.9692103284975995,-0.9645436144802995
71,2023-05-01,2,2023-07-01,SVR,126.76068780803445,127.83464476400601,-0.28966891612789747,0.5539940962110633,-1.0739569559715676,0.8472318780708741,-0.8436630123389608
71,2023-05-01,3,2023-08-01,Naive-drift,127.51285923116089,129.04985959394133,0.30195661932172,1.500118813212148,-1.5370003627804465,1.2053689110633972,-1.1981621938904279
71,2023-05-01,3,2023-08-01,OLS-trend,127.51285923116089,124.38232785343396,0.30195661932172,-2.1837538876815774,3.130531377726925,2.455071117221017,2.485710507003297
71,2023-05-01,3,2023-08-01,Lasso,127.51285923116089,128.3370523722935,0.30195661932172,0.9462374689586761,-0.8241931411326107,0.6463608032178757,-0.6442808496369561
71,2023-05-01,3,2023-08-01,RandomForest,127.51285923116089,128.49818140811914,0.30195661932172,1.0717101734574144,-0.985322176958249,0.7727237730368933,-0.7697535541356944
71,2023-05-01,3,2023-08-01,GradientBoosting,127.51285923116089,128.8333316844668,0.30195661932172,1.3321916526365805,-1.3204724533059107,1.035560226056966,-1.0302350333148604
71,2023-05-01,3,2023-08-01,SVR,127.51285923116089,128.51081140366034,0.30195661932172,1.081538619857814,-0.9979521724994527,0.7826286529190922,-0.779582000536094
72,2023-06-01,1,2023-07-01,Naive-drift,126.76068780803445,127.29970645422972,-0.026438303441776858,0.3978855716086027,-0.5390186461952737,0.4252254034875229,-0.42432387505037955
72,2023-06-01,1,2023-07-01,OLS-trend,126.76068780803445,124.22447504355075,-0.026438303441776858,-2.047513228011352,2.536212764483693,2.0007881057923234,2.021074924569575
72,2023-06-01,1,2023-07-01,Lasso,126.76068780803445,127.19160527355163,-0.026438303441776858,0.31293085433685924,-0.430917465517183,0.3399456668851163,-0.3393691577786361
72,2023-06-01,1,2023-07-01,RandomForest,126.76068780803445,127.12740065797435,-0.026438303441776858,0.26243945145791314,-0.3667128499399013,0.28929540875894333,-0.28887775489969
72,2023-06-01,1,2023-07-01,GradientBoosting,126.76068780803445,126.9657610090736,-0.026438303441776858,0.1352107848977697,-0.2050732010391556,0.16177981090613608,-0.16164908833954655
72,2023-06-01,1,2023-07-01,SVR,126.76068780803445,127.02769409344538,-0.026438303441776858,0.1839782506375705,-0.26700628541092897,0.2106380850625247,-0.21041655407934737
72,2023-06-01,2,2023-08-01,Naive-drift,127.51285923116089,127.80722261614923,0.5651872320078454,0.7957711432172054,-0.294363384988344,0.23084996035945612,-0.23058391120936006
72,2023-06-01,2,2023-08-01,OLS-trend,127.51285923116089,124.55630470431328,0.5651872320078454,-1.7807483614622133,2.9565545268476114,2.318632445914996,2.3459355934700588
72,2023-06-01,2,2023-08-01,Lasso,127.51285923116089,127.56309461713737,0.5651872320078454,0.604575803033905,-0.05023538597647814,0.039396329342289496,-0.03938857102605964
72,2023-06-01,2,2023-08-01,RandomForest,127.51285923116089,127.80887693079903,0.5651872320078454,0.7970655175956328,-0.29601769963814206,0.23214733119701145,-0.23187828558778745
72,2023-06-01,2,2023-08-01,GradientBoosting,127.51285923116089,127.93869503096528,0.5651872320078454,0.8985860210515195,-0.4258357998043891,0.33395518096917215,-0.33339878904367415
72,2023-06-01,2,2023-08-01,SVR,127.51285923116089,127.9232948306723,0.5651872320078454,0.8865481249029672,-0.41043559951141617,0.3218778105879977,-0.3213608928951218
72,2023-06-01,3,2023-09-01,Naive-drift,128.45665048587617,128.3167621343025,1.3026153207701008,1.1936567148258082,0.13988835157365997,0.10889926760860133,0.10895860594429263
72,2023-06-01,3,2023-09-01,OLS-trend,128.45665048587617,124.8881343650758,1.3026153207701008,-1.5146932369307449,3.5685161208003677,2.7779925035432296,2.8173085577008457
72,2023-06-01,3,2023-09-01,Lasso,128.45665048587617,127.8623860405007,1.3026153207701008,0.8389232609032407,0.5942644453754724,0.4626186679535225,0.46369205986686013
72,2023-06-01,3,2023-09-01,RandomForest,128.45665048587617,128.2281905818321,1.3026153207701008,1.124607173954502,0.22845990404405825,0.17784980628089586,0.17800814681559873
72,2023-06-01,3,2023-09-01,GradientBoosting,128.45665048587617,128.64752100210507,1.3026153207701008,1.4510925315360816,-0.19087051622889817,0.14858749275101518,-0.14847721076598086
72,2023-06-01,3,2023-09-01,SVR,128.45665048587617,128.4245834792842,1.3026153207701008,1.277648914105401,0.03206700659197281,0.024963290316758327,0.024966406664699736
73,2023-07-01,1,2023-08-01,Naive-drift,127.51285923116089,127.16254842168935,0.5916255354496308,0.31652160324372824,0.35031080947153725,0.2747258681075283,0.27510393220590257
73,2023-07-01,1,2023-08-01,OLS-trend,127.51285923116089,124.69527526675074,0.5916255354496308,-1.6427997704195265,2.8175839644101472,2.2096469182784992,2.2344253058691574
73,2023-07-01,1,2023-08-01,Lasso,127.51285923116089,127.15079036968162,0.5916255354496308,0.3072747017072164,0.36206886147927264,0.2839469396752357,0.28435083374241443
73,2023-07-01,1,2023-08-01,RandomForest,127.51285923116089,127.17587929127826,0.5916255354496308,0.3270043837822286,0.33697993988262454,0.26427133852573453,0.2646211516674022
73,2023-07-01,1,2023-08-01,GradientBoosting,127.51285923116089,127.16368033353986,0.5916255354496308,0.31741172917060745,0.34917889762103016,0.27383818363607026,0.27421380627902336
73,2023-07-01,1,2023-08-01,SVR,127.51285923116089,127.36252922128729,0.5916255354496308,0.47366198610978605,0.15033000987359912,0.11789399969541449,0.11796354933984476
73,2023-07-01,2,2023-09-01,Naive-drift,128.45665048587617,127.56568302616589,1.3290536242118856,0.6330432064874565,0.8909674597102821,0.6935938749300055,0.6960104177244291
73,2023-07-01,2,2023-09-01,OLS-trend,128.45665048587617,125.02992189837349,1.3290536242118856,-1.3747877029655178,3.42672858750268,2.6676147747441457,2.703841327177403
73,2023-07-01,2,2023-09-01,Lasso,128.45665048587617,127.51214484111355,1.3290536242118856,0.5910652844656672,0.9445056447626143,0.7352718922610105,0.7379883397462184
73,2023-07-01,2,2023-09-01,RandomForest,128.45665048587617,127.63646256881685,1.3290536242118856,0.6885126025622953,0.8201879170593145,0.6384939307984636,0.6405410216495903
73,2023-07-01,2,2023-09-01,GradientBoosting,128.45665048587617,127.57692874430806,1.3290536242118856,0.6418584475570822,0.8797217415681047,0.6848393899736862,0.6871951766548033
73,2023-07-01,2,2023-09-01,SVR,128.45665048587617,127.87410361521582,1.3290536242118856,0.874525352226116,0.5825468706603516,0.4534968555204565,0.4545282719857695
73,2023-07-01,3,2023-10-01,Naive-drift,129.20271519311828,127.9700956603087,1.9081645681017132,0.9495648097311848,1.2326195328095793,0.9540198369416559,0.9585997583705284
73,2023-07-01,3,2023-10-01,OLS-trend,129.20271519311828,125.36456852999623,1.9081645681017132,-1.1074920206236416,3.838146663122046,2.97063932238978,3.0156565887253546
73,2023-07-01,3,2023-10-01,Lasso,129.20271519311828,127.7348844871662,1.9081645681017132,0.7655940170257134,1.4678307059520819,1.1360680027181527,1.1425705510759998
73,2023-07-01,3,2023-10-01,RandomForest,129.20271519311828,127.60276877111588,1.9081645681017132,0.6621108635194253,1.5999464220024038,1.2383225999631482,1.246053704582288
73,2023-07-01,3,2023-10-01,GradientBoosting,129.20271519311828,127.67114457009917,1.9081645681017132,0.7156813985761015,1.5315706230191068,1.1854012670940237,1.1924831695256117
73,2023-07-01,3,2023-10-01,SVR,129.20271519311828,128.0485013519388,1.9081645681017132,1.0108148087517954,1.1542138411794838,0.8933355924094083,0.8973497593499178
74,2023-08-01,1,2023-09-01,Naive-drift,128.45665048587617,127.87524293255402,0.7374280887622542,0.28379078080327247,0.5814075533221512,0.45260992803644456,0.4536373079589817
74,2023-08-01,1,2023-09-01,OLS-trend,128.45665048587617,125.18222373428755,0.7374280887622542,-1.8446750595282062,3.2744267515886207,2.5490519480333518,2.5821031482904604
74,2023-08-01,1,2023-09-01,Lasso,128.45665048587617,127.91123900932654,0.7374280887622542,0.31193619078496004,0.5454114765496314,0.4245879637112284,0.42549189797729414
74,2023-08-01,1,2023-09-01,RandomForest,128.45665048587617,128.01335554253245,0.7374280887622542,0.3917382424822796,0.4432949433437159,0.34509302684367926,0.34568984627997457
74,2023-08-01,1,2023-09-01,GradientBoosting,128.45665048587617,128.01653377761218,0.7374280887622542,0.3942209487696675,0.44011670826398586,0.34261885748949744,0.3432071399925867
74,2023-08-01,1,2023-09-01,SVR,128.45665048587617,128.1873749177419,0.7374280887622542,0.5275843828569182,0.269275568134276,0.20962368792566555,0.20984370590533596
74,2023-08-01,2,2023-10-01,Naive-drift,129.20271519311828,128.23865650613283,1.3165390326520918,0.5675815616065449,0.964058686985453,0.7461597734571461,0.7489574710455469
74,2023-08-01,2,2023-10-01,OLS-trend,129.20271519311828,125.51991640262857,1.3165390326520918,-1.5752773811592895,3.682798790489713,2.8504035576845754,2.891816413811381
74,2023-08-01,2,2023-10-01,Lasso,129.20271519311828,128.326563493105,1.3165390326520918,0.6361075998687729,0.8761517000132812,0.678121739704699,0.680431432783319
74,2023-08-01,2,2023-10-01,RandomForest,129.20271519311828,128.27056723034863,1.3165390326520918,0.5924623233316759,0.9321479627696476,0.7214615895466078,0.7240767093204159
74,2023-08-01,2,2023-10-01,GradientBoosting,129.20271519311828,128.06726528672513,1.3165390326520918,0.4338419712333798,1.1354499063931485,0.8788127282743249,0.882697061418712
74,2023-08-01,2,2023-10-01,SVR,129.20271519311828,128.320266129243,1.3165390326520918,0.6312001838118562,0.8824490638752707,0.6829957579113419,0.6853388488402357
74,2023-08-01,3,2023-11-01,Naive-drift,129.5031682867408,128.60310287873065,1.5488130147222465,0.8513723424098174,0.9000654080101356,0.6950141992026376,0.6974406723124291
74,2023-08-01,3,2023-11-01,OLS-trend,129.5031682867408,125.85760907096959,1.5488130147222465,-1.3066035044132955,3.6455592157712005,2.8150347701913727,2.855416519135542
74,2023-08-01,3,2023-11-01,Lasso,129.5031682867408,128.61703825302,1.5488130147222465,0.8622077103103819,0.8861300337207751,0.6842535556803839,0.6866053044118646
74,2023-08-01,3,2023-11-01,RandomForest,129.5031682867408,128.2833417540197,1.5488130147222465,0.6024208725755243,1.2198265327211004,0.9419279457474036,0.9463921421467222
74,2023-08-01,3,2023-11-01,GradientBoosting,129.5031682867408,128.17322510964996,1.5488130147222465,0.5165453947247447,1.3299431770908257,1.0269580232555533,1.0322676199975018
74,2023-08-01,3,2023-11-01,SVR,129.5031682867408,128.15982712780902,1.5488130147222465,0.5060918213473065,1.3433411589317643,1.0373037020664941,1.04272119337494
75,2023-09-01,1,2023-10-01,Naive-drift,129.20271519311828,128.7402301207574,0.5791109438898369,0.22051569920001532,0.46248507236089154,0.35795305978641295,0.3585952446898215
75,2023-09-01,1,2023-10-01,OLS-trend,129.20271519311828,125.69455249604661,0.5791109438898369,-2.173671980079135,3.5081626970716684,2.715239143254881,2.752782923968972
75,2023-09-01,1,2023-10-01,Lasso,129.20271519311828,128.86682242050426,0.5791109438898369,0.3187989633329816,0.3358927726140166,0.2599734627186126,0.2603119805568553
75,2023-09-01,1,2023-10-01,RandomForest,129.20271519311828,128.61359890930632,0.5791109438898369,0.12210548929713193,0.5891162838119612,0.45596277363940363,0.4570054545927049
75,2023-09-01,1,2023-10-01,GradientBoosting,129.20271519311828,128.54707667445635,0.5791109438898369,0.07036955713507718,0.6556385186619309,0.5074494894955985,0.5087413867547597
75,2023-09-01,1,2023-10-01,SVR,129.20271519311828,128.93958562508217,0.5791109438898369,0.3752469058504697,0.2631295680361063,0.20365637644906195,0.20386403803936715
75,2023-09-01,2,2023-11-01,Naive-drift,129.5031682867408,129.02443578324414,0.8113849259599747,0.44103139840003064,0.4787325034966443,0.3696685647386277,0.37035352755994405
75,2023-09-01,2,2023-11-01,OLS-trend,129.5031682867408,126.03569192938932,0.8113849259599747,-1.9026360996216425,3.4674763573514724,2.677522413717264,2.714021025581617
75,2023-09-01,2,2023-11-01,Lasso,129.5031682867408,129.28808917623638,0.8113849259599747,0.6451666679460244,0.21507911050440498,0.16608019197506066,0.1662182580139503
75,2023-09-01,2,2023-11-01,RandomForest,129.5031682867408,128.77507780429596,0.8113849259599747,0.24758025239653372,0.7280904824448271,0.5622182778051561,0.563804673563441
75,2023-09-01,2,2023-11-01,GradientBoosting,129.5031682867408,128.58493448183825,0.8113849259599747,0.09981576065146466,0.9182338049025418,0.7090435060781098,0.71156916530851
75,2023-09-01,2,2023-11-01,SVR,129.5031682867408,128.6568767678648,0.8113849259599747,0.15574934901540105,0.8462915188760007,0.6534909763768679,0.6556355769445736
75,2023-09-01,3,2023-12-01,Naive-drift,129.67235286666957,129.30926885534882,0.9419409315633915,0.6615470976000459,0.3630840113207512,0.28000109760796726,0.2803938339633456
75,2023-09-01,3,2023-12-01,OLS-trend,129.67235286666957,126.376831362732,0.9419409315633915,-1.6323328384352873,3.2955215039375645,2.5414218459705538,2.574273769998679
75,2023-09-01,3,2023-12-01,Lasso,129.67235286666957,129.70081554844677,0.9419409315633915,0.9638882147502918,-0.02846268177719935,0.0219496917792993,-0.021947283186900313
75,2023-09-01,3,2023-12-01,RandomForest,129.67235286666957,128.88935170950563,0.9419409315633915,0.33628004919622895,0.7830011571639375,0.6038304541053768,0.6056608823671625
75,2023-09-01,3,2023-12-01,GradientBoosting,129.67235286666957,128.82055567289706,0.9419409315633915,0.2828897554806658,0.8517971937725122,0.6568841969331263,0.6590511760827258
75,2023-09-01,3,2023-12-01,SVR,129.67235286666957,128.64552952781898,0.9419409315633915,0.14692919049723052,1.0268233388505905,0.7918598808077314,0.795011741066161
76,2023-10-01,1,2023-11-01,Naive-drift,129.5031682867408,129.46205753405607,0.23227398207014213,0.20052396397427508,0.04111075268471609,0.03174497831102502,0.031750018095867055
76,2023-10-01,1,2023-11-01,OLS-trend,129.5031682867408,126.22033207134044,0.23227398207014213,-2.335355950845412,3.2828362154003514,2.5349466417158424,2.5676299329155543
76,2023-10-01,1,2023-11-01,Lasso,129.5031682867408,129.6206251004442,0.23227398207014213,0.32293089953229653,-0.11745681370339867,0.09069802326637325,-0.0906569174621544
76,2023-10-01,1,2023-11-01,RandomForest,129.5031682867408,129.40605546230188,0.23227398207014213,0.1572570880507621,0.09711282443890923,0.07498876338213276,0.07501689401938003
76,2023-10-01,1,2023-11-01,GradientBoosting,129.5031682867408,129.3143882748727,0.23227398207014213,0.0863951260497005,0.18878001186809001,0.14577250453834517,0.14587885602044165
76,2023-10-01,1,2023-11-01,SVR,129.5031682867408,129.3829357039868,0.23227398207014213,0.13938943589722697,0.1202325827539994,0.09284142183130623,0.09288454617291517
76,2023-10-01,2,2023-12-01,Naive-drift,129.67235286666957,129.72192044029083,0.36282998767355973,0.40104792794855015,-0.04956757362126041,0.03822524426022121,-0.038217940274990425
76,2023-10-01,2,2023-12-01,OLS-trend,129.67235286666957,126.5650683905653,0.36282998767355973,-2.0626056003025246,3.107284476104269,2.3962582674035464,2.4254355879760845
76,2023-10-01,2,2023-12-01,Lasso,129.67235286666957,130.04846030320294,0.36282998767355973,0.6524546002332128,-0.3761074365333741,0.290044429840871,-0.28962461255965305
76,2023-10-01,2,2023-12-01,RandomForest,129.67235286666957,129.41061959615885,0.36282998767355973,0.16078401216135615,0.2617332705107174,0.20184200002897626,0.20204597551220357
76,2023-10-01,2,2023-12-01,GradientBoosting,129.67235286666957,129.33590498553355,0.36282998767355973,0.10303281119534176,0.3364478811360243,0.2594599956722953,0.259797176478218
76,2023-10-01,2,2023-12-01,SVR,129.67235286666957,130.1342565739143,0.36282998767355973,0.7184053865505529,-0.46190370724474406,0.35620831814448384,-0.35557539887699313
76,2023-10-01,3,2024-01-01,Naive-drift,129.70828378912393,129.98230495672806,0.39053515730181615,0.6015718919228252,-0.27402116760413264,0.2112595738677944,-0.21103673462100908
76,2023-10-01,3,2024-01-01,OLS-trend,129.70828378912393,126.90980470979017,0.39053515730181615,-1.7905971542085608,2.7984790793337595,2.1575176215294376,2.181132311510377
76,2023-10-01,3,2024-01-01,Lasso,129.70828378912393,130.51021492044552,0.39053515730181615,1.0068892397563878,-0.8019311313215951,0.6182574527200994,-0.6163540824545717
76,2023-10-01,3,2024-01-01,RandomForest,129.70828378912393,129.6651039320786,0.39053515730181615,0.35723963857216906,0.043179857045316794,0.03328997638694949,0.03329551872964709
76,2023-10-01,3,2024-01-01,GradientBoosting,129.70828378912393,129.48924490525474,0.39053515730181615,0.22152202117069741,0.2190388838691888,0.16887038936178975,0.16901313613111874
76,2023-10-01,3,2024-01-01,SVR,129.70828378912393,130.4394210353311,0.39053515730181615,0.9526305805389165,-0.7311372462071688,0.563678143637943,-0.5620954232371003
77,2023-11-01,1,2023-12-01,Naive-drift,129.67235286666957,129.78113387119936,0.13055600560341118,0.21440996514859498,-0.10878100452978856,0.0838891268068825,-0.08385395954518379
77,2023-11-01,1,2023-12-01,OLS-trend,129.67235286666957,126.73560533681987,0.13055600560341118,-2.160227771533053,2.936747529849697,2.2647445387755787,2.290783777136464
77,2023-11-01,1,2023-12-01,Lasso,129.67235286666957,129.92020966683154,0.13055600560341118,0.32151438519694986,-0.2478568001619692,0.19114082121793385,-0.19095837959353867
77,2023-11-01,1,2023-12-01,RandomForest,129.67235286666957,129.64189495339,0.13055600560341118,0.10706488340270802,0.030457913279576587,0.023488363252646246,0.023491122200703166
77,2023-11-01,1,2023-12-01,GradientBoosting,129.67235286666957,129.55789915136518,0.13055600560341118,0.042253254014504193,0.11445371530439274,0.08826377618217139,0.08830275158890699
77,2023-11-01,1,2023-12-01,SVR,129.67235286666957,129.6091845181346,0.13055600560341118,0.08183032276314722,0.06316834853495834,0.04871381380725672,0.04872568284026396
77,2023-11-01,2,2024-01-01,Naive-drift,129.70828378912393,130.05969608095413,0.1582611752316792,0.42881993029718996,-0.35141229183020073,0.27092509557949046,-0.27055875506551075
77,2023-11-01,2,2024-01-01,OLS-trend,129.70828378912393,127.08362121270348,0.1582611752316792,-1.8860041843758408,2.624662576420448,2.023511914387481,2.04426535960752
77,2023-11-01,2,2024-01-01,Lasso,129.70828378912393,130.33479195763064,0.1582611752316792,0.6401116370410079,-0.6265081685067173,0.48301322799496493,-0.4818504618093287
77,2023-11-01,2,2024-01-01,RandomForest,129.70828378912393,129.72513726224076,0.1582611752316792,0.17125369799318818,-0.016853473116839268,0.012993366826315557,-0.012992522761508973
77,2023-11-01,2,2024-01-01,GradientBoosting,129.70828378912393,129.54862524972685,0.1582611752316792,0.0350948841790015,0.1596585393970713,0.12309047250724531,0.1231662910526777
77,2023-11-01,2,2024-01-01,SVR,129.70828378912393,130.54446131848394,0.1582611752316792,0.8008522121267856,-0.8361775293600147,0.6446600825583727,-0.6425910368951064
77,2023-11-01,3,2024-02-01,Naive-drift,130.36792441099686,130.33885619660163,0.6655294416623827,0.6432298954457849,0.0290682143952381,0.022297060052592296,0.0222995462165978
77,2023-11-01,3,2024-02-01,OLS-trend,130.36792441099686,127.43163708858708,0.6655294416623827,-1.612530526960584,2.9362873224097825,2.2523081008430164,2.2780599686229666
77,2023-11-01,3,2024-02-01,Lasso,130.36792441099686,130.76316304845585,0.6655294416623827,0.9682424913562894,-0.3952386374589878,0.30317168831572533,-0.30271304969390667
77,2023-11-01,3,2024-02-01,RandomForest,130.36792441099686,129.83652969375814,0.6655294416623827,0.25708489152980174,0.5313947172387259,0.4076115498805175,0.40844455013258096
77,2023-11-01,3,2024-02-01,GradientBoosting,130.36792441099686,129.7833808877836,0.6655294416623827,0.21614133939781524,0.5845435232132559,0.4483798647974395,0.4493881022645675
77,2023-11-01,3,2024-02-01,SVR,130.36792441099686,131.24043531506902,0.6655294416623827,1.332567865136517,-0.8725109040721577,0.6692680795634107,-0.6670384234741342
78,2023-12-01,1,2024-01-01,Naive-drift,129.70828378912393,129.95021492992907,0.02770516962826431,0.21405085983821812,-0.24193114080514988,0.18651942168818972,-0.1863456902099538
78,2023-12-01,1,2024-01-01,OLS-trend,129.70828378912393,127.23422365013167,0.02770516962826431,-1.898123786026705,2.4740601389922574,1.907403341342882,1.9258289556549695
78,2023-12-01,1,2024-01-01,Lasso,129.70828378912393,130.08611732120073,0.02770516962826431,0.3185765639724335,-0.3778335320768065,0.2912948356413979,-0.2908713943441692
78,2023-12-01,1,2024-01-01,RandomForest,129.70828378912393,129.80546855962416,0.02770516962826431,0.10260276111522722,-0.09718477050023466,0.07492564673682285,-0.0748975914869629
78,2023-12-01,1,2024-01-01,GradientBoosting,129.70828378912393,129.71471771428332,0.02770516962826431,0.032665350586357896,-0.006433925159399223,0.004960303977083929,-0.004960180958093585
78,2023-12-01,1,2024-01-01,SVR,129.70828378912393,129.75864285776638,0.02770516962826431,0.0665225017064397,-0.05035906864245021,0.038824866979446405,-0.038817332078175386
78,2023-12-01,2,2024-02-01,Naive-drift,130.36792441099686,130.2286723963296,0.5349734360589664,0.42810171967643623,0.13925201466724957,0.10681462890230944,0.10687171638253018
78,2023-12-01,2,2024-02-01,OLS-trend,130.36792441099686,127.58509906596643,0.5349734360589664,-1.6227320819363078,2.7828253450304317,2.1345935801334988,2.157705517995274
78,2023-12-01,2,2024-02-01,Lasso,130.36792441099686,130.49732351250825,0.5349734360589664,0.6341810638702124,-0.1293991015113818,0.09925685485598376,-0.09920762781124604
78,2023-12-01,2,2024-02-01,RandomForest,130.36792441099686,129.72162299328812,0.5349734360589664,0.03798864414466107,0.6463014177087416,0.4957518658279908,0.49698479191430533
78,2023-12-01,2,2024-02-01,GradientBoosting,130.36792441099686,129.79300184811788,0.5349734360589664,0.09299815019724854,0.5749225628789816,0.4410000124466854,0.44197528586171786
78,2023-12-01,2,2024-02-01,SVR,130.36792441099686,130.6114439953235,0.5349734360589664,0.721593287650385,-0.24351958432663423,0.1867940948104047,-0.18661985159141858
78,2023-12-01,3,2024-03-01,Naive-drift,131.03433848675428,130.50772654170166,1.0448508274230477,0.6421525795146543,0.5266119450526219,0.4018885058177745,0.40269824790839337
78,2023-12-01,3,2024-03-01,OLS-trend,131.03433848675428,127.9359744818012,1.0448508274230477,-1.3480967013771656,3.0983640049530834,2.3645435545632068,2.3929475288002133
78,2023-12-01,3,2024-03-01,Lasso,131.03433848675428,130.9030683929921,1.0448508274230477,0.9446206951059656,0.13127009376216847,0.10017991869775267,0.10023013231708211
78,2023-12-01,3,2024-03-01,RandomForest,131.03433848675428,130.4078799351471,1.0448508274230477,0.5656170186283512,0.6264585516071861,0.47808731576915026,0.47923380879469646
78,2023-12-01,3,2024-03-01,GradientBoosting,131.03433848675428,130.50083502810713,1.0448508274230477,0.6368718994061813,0.5335034586471465,0.40714782461474874,0.4079789280168664
78,2023-12-01,3,2024-03-01,SVR,131.03433848675428,131.9321511889395,1.0448508274230477,1.7276877864502223,-0.8978127021852345,0.6851736060589878,-0.6828369590271746
79,2024-01-01,1,2024-02-01,Naive-drift,130.36792441099686,130.00572668654814,0.5072682664306879,0.2290542793021396,0.3621977244487198,0.27782733067595533,0.2782139871285483
79,2024-01-01,1,2024-02-01,OLS-trend,130.36792441099686,127.71036793376351,0.5072682664306879,-1.5523008613475042,2.6575564772333564,2.038504861713657,2.0595691277781922
79,2024-01-01,1,2024-02-01,Lasso,130.36792441099686,130.11642835111329,0.5072682664306879,0.31416942163388656,0.2514960598835785,0.19291252892138872,0.19309884479680134
79,2024-01-01,1,2024-02-01,RandomForest,130.36792441099686,129.99496982423796,0.5072682664306879,0.22077979199447859,0.37295458675890814,0.2860784878212332,0.2864884744362093
79,2024-01-01,1,2024-02-01,GradientBoosting,130.36792441099686,129.91136163179368,0.5072682664306879,0.15644261724395023,0.4565627792031819,0.35021097502774207,0.35082564918673764
79,2024-01-01,1,2024-02-01,SVR,130.36792441099686,130.00842903499606,0.5072682664306879,0.23113289570709616,0.35949537600080816,0.27575446769211875,0.27613537072359173
79,2024-01-01,2,2024-03-01,Naive-drift,131.03433848675428,130.30385167053342,1.017145657794774,0.4581085586042792,0.7304868162208606,0.5574773945950836,0.5590370991904947
79,2024-01-01,2,2024-03-01,OLS-trend,131.03433848675428,128.06359214086947,1.017145657794774,-1.2761003978167815,2.9707463458848054,2.267151023306082,2.2932460556115553
79,2024-01-01,2,2024-03-01,Lasso,131.03433848675428,130.5212387317168,1.017145657794774,0.6248004295315951,0.513099755037473,0.3915765599788487,0.39234522826317886
79,2024-01-01,2,2024-03-01,RandomForest,131.03433848675428,130.28054281732958,1.017145657794774,0.4402188815867365,0.7537956694247043,0.5752657495202316,0.5769267762080375
79,2024-01-01,2,2024-03-01,GradientBoosting,131.03433848675428,130.26987995754033,1.017145657794774,0.43203400920645246,0.7644585292139539,0.5834032041083871,0.5851116485883214
79,2024-01-01,2,2024-03-01,SVR,131.03433848675428,130.0849519792469,1.017145657794774,0.28997556687420634,0.94938650750737,0.724532606087327,0.7271700909205676
79,2024-01-01,3,2024-04-01,Naive-drift,131.5305739605117,130.60266030521885,1.3951368067049477,0.6871628379064187,0.9279136552928549,0.7054737369057892,0.7079739687985289
79,2024-01-01,3,2024-04-01,OLS-trend,131.5305739605117,128.41681634797544,1.3951368067049477,-1.0006607004891408,3.1137576125362614,2.3673261043254312,2.3957975071940885
79,2024-01-01,3,2024-04-01,Lasso,131.5305739605117,130.90435500008866,1.3951368067049477,0.9178983907302413,0.6262189604230457,0.47610144285620626,0.4772384159747064
79,2024-01-01,3,2024-04-01,RandomForest,131.5305739605117,130.62408890815647,1.3951368067049477,0.7035689701652383,0.9064850523552366,0.6891820092166425,0.6915678365397093
79,2024-01-01,3,2024-04-01,GradientBoosting,131.5305739605117,130.58768980668864,1.3951368067049477,0.6756995518086055,0.9428841538230586,0.7168555001562851,0.7194372548963421
79,2024-01-01,3,2024-04-01,SVR,131.5305739605117,131.53008142788636,1.3951368067049477,1.3947623435419858,0.0004925326253442108,0.00037446246185474693,0.0003744631629618578
80,2024-02-01,1,2024-03-01,Naive-drift,131.03433848675428,130.73495631827083,0.509877391364089,0.28113986946399405,0.29938216848344723,0.22847611697884104,0.228737521900095
80,2024-02-01,1,2024-03-01,OLS-trend,131.03433848675428,128.19646996473116,0.509877391364089,-1.679663206066553,2.837868522023115,2.1657441513393705,2.189540597430642
80,2024-02-01,1,2024-03-01,Lasso,131.03433848675428,130.7819137959402,0.509877391364089,0.31705149394428617,0.25242469081408103,0.1926401077222957,0.19282589741980288
80,2024-02-01,1,2024-03-01,RandomForest,131.03433848675428,130.56049783976465,0.509877391364089,0.14760635278517623,0.473840646989629,0.3616156287441613,0.36227103857891285
80,2024-02-01,1,2024-03-01,GradientBoosting,131.03433848675428,130.7214892328309,0.509877391364089,0.27083827951963546,0.3128492539233889,0.23875364086720943,0.2390391118444536
80,2024-02-01,1,2024-03-01,SVR,131.03433848675428,130.88875964973946,0.509877391364089,0.39871586873289533,0.1455788370148241,0.11109976109776756,0.11116152263119372
80,2024-02-01,2,2024-04-01,Naive-drift,131.5305739605117,131.10302155043337,0.887868540274249,0.5622797389279881,0.42755241007833433,0.32505933579115587,0.3255888013462609
80,2024-02-01,2,2024-04-01,OLS-trend,131.5305739605117,128.552154872279,0.887868540274249,-1.40259443086711,2.978419088232698,2.2644309977137964,2.290462971141359
80,2024-02-01,2,2024-04-01,Lasso,131.5305739605117,131.19676298545946,0.887868540274249,0.6337563047078192,0.3338109750522449,0.25378964373139745,0.2541122355664298
80,2024-02-01,2,2024-04-01,RandomForest,131.5305739605117,131.11436960324104,0.887868540274249,0.570935192912088,0.41620435727065797,0.31643164379075195,0.31693334736216094
80,2024-02-01,2,2024-04-01,GradientBoosting,131.5305739605117,131.13426124785968,0.887868540274249,0.5861052585038317,0.3963127126520192,0.3013084340155018,0.30176328177041734
80,2024-02-01,2,2024-04-01,SVR,131.5305739605117,131.6349304573748,0.887868540274249,0.9671771886959418,-0.10435649686309034,0.07934010604592998,-0.07930864842169283
80,2024-02-01,3,2024-05-01,Naive-drift,131.727872827432,131.4721230166601,1.0377584346095066,0.843419608391982,0.25574981077190273,0.19415011058968792,0.19433882621752452
80,2024-02-01,3,2024-05-01,OLS-trend,131.727872827432,128.90783977982687,1.0377584346095066,-1.1262912061166974,2.8200330476051363,2.1408020846882385,2.164049640726204
80,2024-02-01,3,2024-05-01,Lasso,131.727872827432,131.61989743436263,1.0377584346095066,0.9557562980335371,0.1079753930693812,0.0819685240122511,0.08200213657596944
80,2024-02-01,3,2024-05-01,RandomForest,131.727872827432,131.1704268733319,1.0377584346095066,0.6136805381989227,0.5574459541001033,0.4231799558703696,0.4240778964105839
80,2024-02-01,3,2024-05-01,GradientBoosting,131.727872827432,131.26158689692812,1.0377584346095066,0.6831537903018967,0.46628593050388645,0.35397666453988585,0.35460464430760985
80,2024-02-01,3,2024-05-01,SVR,131.727872827432,132.4540758114436,1.0377584346095066,1.5875346906329073,-0.7262029840115929,0.5512902990264965,-0.5497762560234007
81,2024-03-01,1,2024-04-01,Naive-drift,131.5305739605117,131.38775213721533,0.3779911489101619,0.26934764774053654,0.14282182329637294,0.10858450548482447,0.10864350116962534
81,2024-03-01,1,2024-04-01,OLS-trend,131.5305739605117,128.69229652768755,0.3779911489101619,-1.803515793434563,2.8382774328241567,2.157884168950915,2.1815069423447246
81,2024-03-01,1,2024-04-01,Lasso,131.5305739605117,131.45417166065678,0.3779911489101619,0.3198871689063423,0.07640229985491942,0.058087102910276224,0.05810398000381961
81,2024-03-01,1,2024-04-01,RandomForest,131.5305739605117,131.13321586980385,0.3779911489101619,0.07543068247365012,0.3973580907078542,0.3021032135290078,0.3025604664365118
81,2024-03-01,1,2024-04-01,GradientBoosting,131.5305739605117,131.21260335360637,0.3779911489101619,0.13595193374476292,0.31797060690533385,0.24174653643706856,0.24203921516539897
81,2024-03-01,1,2024-04-01,SVR,131.5305739605117,131.50001290024986,0.3779911489101619,0.3547535013315294,0.030561060261845796,0.02323494784643826,0.023237647578632503
81,2024-03-01,2,2024-05-01,Naive-drift,131.727872827432,131.74211898215788,0.5278810432454359,0.5386952954810731,-0.014246154725867655,0.010814836996973755,-0.010814252235637145
81,2024-03-01,2,2024-05-01,OLS-trend,131.727872827432,129.05054500210264,0.5278810432454359,-1.5255265363945911,2.677327825329371,2.032468731076195,2.053407579640027
81,2024-03-01,2,2024-05-01,Lasso,131.727872827432,131.8704146599169,0.5278810432454359,0.6360318569228602,-0.14254183248488062,0.10820931775890383,-0.1081508136774243
81,2024-03-01,2,2024-05-01,RandomForest,131.727872827432,131.11325878629518,0.5278810432454359,0.060210585751005456,0.6146140411368322,0.46657858199987595,0.4676704574944305
81,2024-03-01,2,2024-05-01,GradientBoosting,131.727872827432,131.38758779413587,0.5278810432454359,0.269222565166584,0.3402850332961407,0.2583242452733793,0.25865847807885195
81,2024-03-01,2,2024-05-01,SVR,131.727872827432,131.51192285418216,0.5278810432454359,0.36381008950974325,0.21594997324984888,0.1639364309273791,0.1640709537356927
81,2024-03-01,3,2024-06-01,Naive-drift,131.7719231399003,132.09744159244957,0.5613158417180029,0.8080429432216096,-0.32551845254926093,0.2470317232933322,-0.24672710150360677
81,2024-03-01,3,2024-06-01,OLS-trend,131.7719231399003,129.4087934765177,0.5613158417180029,-1.2483079178276748,2.363129663382608,1.793348390972262,1.8096237595456777
81,2024-03-01,3,2024-06-01,Lasso,131.7719231399003,132.29605741898396,0.5613158417180029,0.958285566159042,-0.5241342790836541,0.39775869289483495,-0.3969697244410392
81,2024-03-01,3,2024-06-01,RandomForest,131.7719231399003,131.4508882323274,0.5613158417180029,0.31738936355342634,0.3210349075729084,0.24362921927766845,0.24392647816457652
81,2024-03-01,3,2024-06-01,GradientBoosting,131.7719231399003,131.6552623782686,0.5613158417180029,0.4727442927877924,0.11666076163172079,0.08853233591184959,0.08857154893021046
81,2024-03-01,3,2024-06-01,SVR,131.7719231399003,131.93119402767823,0.5613158417180029,0.6821114613188841,-0.15927088777792164,0.12086860689498027,-0.12079561960088125
82,2024-04-01,1,2024-05-01,Naive-drift,131.727872827432,131.87498694793226,0.14988989433526337,0.26150790629401544,-0.1471141205002482,0.11168032804490262,-0.11161801195875207
82,2024-04-01,1,2024-05-01,OLS-trend,131.727872827432,129.18899755980138,0.14988989433526337,-1.7962896677896343,2.5388752676306297,1.9273637485641648,1.9461795621248976
82,2024-04-01,1,2024-05-01,Lasso,131.727872827432,131.9531082245182,0.14988989433526337,0.3207292555730644,-0.22523539708618046,0.17098537481224377,-0.17083936123780105
82,2024-04-01,1,2024-05-01,RandomForest,131.727872827432,131.55838040766392,0.14988989433526337,0.021138437622759375,0.16949241976809049,0.1286686075847678,0.128751456712504
82,2024-04-01,1,2024-05-01,GradientBoosting,131.727872827432,131.56452463334588,0.14988989433526337,0.02580867009996157,0.1633481940861259,0.12400427531394026,0.1240812242353018
82,2024-04-01,1,2024-05-01,SVR,131.727872827432,131.6866428885001,0.14988989433526337,0.11858566711260171,0.04122993893190596,0.031299327960695594,0.03130422722266166
82,2024-04-01,2,2024-06-01,Naive-drift,131.7719231399003,132.22030178123038,0.18332469280784078,0.5230158125880309,-0.44837864133006633,0.3402687239026096,-0.33969111978019007
82,2024-04-01,2,2024-06-01,OLS-trend,131.7719231399003,129.54974818887365,0.18332469280784078,-1.5174362925114837,2.222174951026659,1.6863796915731502,1.7007609853193244
82,2024-04-01,2,2024-06-01,Lasso,131.7719231399003,132.37471878925479,0.18332469280784078,0.6397353375603809,-0.6027956493544764,0.4574537845323067,-0.4564106447525401
82,2024-04-01,2,2024-06-01,RandomForest,131.7719231399003,131.54437959645927,0.18332469280784078,0.010495591293335809,0.227543543441044,0.17267983802548315,0.17282910151450498
82,2024-04-01,2,2024-06-01,GradientBoosting,131.7719231399003,131.69989866756544,0.18332469280784078,0.12865131359417084,0.07202447233487419,0.05465843604514056,0.05467337921366994
82,2024-04-01,2,2024-06-01,SVR,131.7719231399003,131.48670138906883,0.18332469280784078,-0.0333609811686022,0.28522175083148227,0.2164510800443176,0.21668567397644298
82,2024-04-01,3,2024-07-01,Naive-drift,131.77650511474374,132.56652082189075,0.1868018335172252,0.7845237188820464,-0.7900157071470062,0.59951180710029,-0.5977218853648212
82,2024-04-01,3,2024-07-01,OLS-trend,131.77650511474374,129.91049881794595,0.1868018335172252,-1.2393583474700502,1.8660062967977922,1.4160386900327766,1.4261601809872755
82,2024-04-01,3,2024-07-01,Lasso,131.77650511474374,132.79428462037737,0.1868018335172252,0.956187242467533,-1.0177795056336265,0.7723527837890374,-0.7693854089503077
82,2024-04-01,3,2024-07-01,RandomForest,131.77650511474374,131.97958650849824,0.1868018335172252,0.34079367699356844,-0.20308139375450196,0.15411047180046994,-0.15399184347634323
82,2024-04-01,3,2024-07-01,GradientBoosting,131.77650511474374,132.16724080788148,0.1868018335172252,0.4828770272718476,-0.39073569313774215,0.29651392924521025,-0.29607519375462243
82,2024-04-01,3,2024-07-01,SVR,131.77650511474374,132.1354284507396,0.1868018335172252,0.45880435529713326,-0.35892333599585413,0.27237278427085576,-0.272002521779908
83,2024-05-01,1,2024-06-01,Naive-drift,131.7719231399003,132.1185915035438,0.03343479847257375,0.29617145919298427,-0.34666836364348796,0.26308211596444203,-0.2627366607204105
83,2024-05-01,1,2024-06-01,OLS-trend,131.7719231399003,129.67210362345827,0.03343479847257375,-1.5729240808392053,2.0998195164420395,1.5935257423637144,1.6063588793117791
83,2024-05-01,1,2024-06-01,Lasso,131.7719231399003,132.1478157133598,0.03343479847257375,0.31828869326966697,-0.3758925734594811,0.2852599890041838,-0.2848538947970932
83,2024-05-01,1,2024-06-01,RandomForest,131.7719231399003,131.75816478218974,0.03343479847257375,0.022993214491375664,0.013758357710571545,0.01044103886680359,0.010441583981198089
83,2024-05-01,1,2024-06-01,GradientBoosting,131.7719231399003,131.77363087600455,0.03343479847257375,0.034730768811085715,-0.0017077361042368011,0.0012959787362469641,-0.001295970338511962
83,2024-05-01,1,2024-06-01,SVR,131.7719231399003,131.74324952165713,0.03343479847257375,0.011672394382724383,0.02867361824317527,0.021760036250463546,0.02176240408984937
83,2024-05-01,2,2024-07-01,Naive-drift,131.77650511474374,132.51046909219693,0.036911939181959876,0.5923429183859685,-0.7339639774531861,0.5569763569113406,-0.5554309792040086
83,2024-05-01,2,2024-07-01,OLS-trend,131.77650511474374,130.03503917100528,0.036911939181959876,-1.2934278914721071,1.7414659437384614,1.3215299208474898,1.330339830654067
83,2024-05-01,2,2024-07-01,Lasso,131.77650511474374,132.57113479547516,0.036911939181959876,0.6381142608311785,-0.7946296807314184,0.6030131699421672,-0.6012023216492186
83,2024-05-01,2,2024-07-01,RandomForest,131.77650511474374,131.7957337093366,0.036911939181959876,0.051502697839043016,-0.019228594592846093,0.014591823160056406,-0.01459075865708314
83,2024-05-01,2,2024-07-01,GradientBoosting,131.77650511474374,131.94169965701366,0.036911939181959876,0.16219306190117025,-0.1651945422699157,0.1253596323002142,-0.12528112271921038
83,2024-05-01,2,2024-07-01,SVR,131.77650511474374,131.75924674285483,0.036911939181959876,0.023814382746495832,0.017258371888914326,0.013096698742986608,0.013097556435464043
83,2024-05-01,3,2024-08-01,Naive-drift,132.01611475809196,132.90350903084743,0.21857714980147705,0.8885143775789528,-0.887394272755472,0.6721863269355751,-0.6699372277774758
83,2024-05-01,3,2024-08-01,OLS-trend,132.01611475809196,130.3979747185523,0.21857714980147705,-1.0147107065217733,1.618140039539668,1.2257140293098072,1.2332878563232503
83,2024-05-01,3,2024-08-01,Lasso,132.01611475809196,132.975341339659,0.21857714980147705,0.9425482433484008,-0.9592265815670373,0.7265981000309973,-0.7239710935469238
83,2024-05-01,3,2024-08-01,RandomForest,132.01611475809196,132.2001017251138,0.21857714980147705,0.35784717585014353,-0.1839869670218377,0.1393670517868048,-0.13927002604866648
83,2024-05-01,3,2024-08-01,GradientBoosting,132.01611475809196,132.38433455860735,0.21857714980147705,0.4971092321193577,-0.3682198005153907,0.27892034331575466,-0.2785320823178806
83,2024-05-01,3,2024-08-01,SVR,132.01611475809196,132.08973367880515,0.21857714980147705,0.2743267085906007,-0.07361892071318721,0.055765101743895026,-0.05574955878912366
84,2024-06-01,1,2024-07-01,Naive-drift,131.77650511474374,132.1954499490008,0.003477140709388931,0.32089357678954933,-0.4189448342570472,0.3179207354848674,-0.3174164360801604
84,2024-06-01,1,2024-07-01,OLS-trend,131.77650511474374,130.13503057655015,0.003477140709388931,-1.2499964996368236,1.6414745381935916,1.2456503811239232,1.2534736403462126
84,2024-06-01,1,2024-07-01,Lasso,131.77650511474374,132.1867029841723,0.003477140709388931,0.3142766665823843,-0.41019786942857195,0.31128300835675843,-0.31079952587299536
84,2024-06-01,1,2024-07-01,RandomForest,131.77650511474374,131.92038227176866,0.003477140709388931,0.11260028791686845,-0.14387715702491732,0.10918270817672467,-0.10912314720747952
84,2024-06-01,1,2024-07-01,GradientBoosting,131.77650511474374,131.9365887866592,0.003477140709388931,0.12488460608054355,-0.16008367191545858,0.12148119406875035,-0.12140746537115463
84,2024-06-01,1,2024-07-01,SVR,131.77650511474374,131.88493499282467,0.003477140709388931,0.08572647087264901,-0.1084298780809263,0.08228316420025825,-0.08224933016326008
84,2024-06-01,2,2024-08-01,Naive-drift,132.01611475809196,132.62033801134666,0.185142351328888,0.6417871535790987,-0.6042232532547018,0.4576890134677031,-0.45664480225021065
84,2024-06-01,2,2024-08-01,OLS-trend,132.01611475809196,130.49973067831266,0.185142351328888,-0.9701410129539192,1.5163840797793,1.1486355908579355,1.1552833642828073
84,2024-06-01,2,2024-08-01,Lasso,132.01611475809196,132.60685135919334,0.185142351328888,0.6316172670022737,-0.5907366011013835,0.44747309991954914,-0.4464749156733857
84,2024-06-01,2,2024-08-01,RandomForest,132.01611475809196,132.43513469421922,0.185142351328888,0.5020402957779454,-0.4190199361272562,0.3174005968097711,-0.3168979444490574
84,2024-06-01,2,2024-08-01,GradientBoosting,132.01611475809196,132.4544428947264,0.185142351328888,0.5166185972099169,-0.43832813663445336,0.3320262359164648,-0.33147624588102886
84,2024-06-01,2,2024-08-01,SVR,132.01611475809196,132.13370080613643,0.185142351328888,0.27417217371221414,-0.11758604804447259,0.08906946569359263,-0.08902982238332613
84,2024-06-01,3,2024-09-01,Naive-drift,132.34067265776707,133.04659170212827,0.43068782486714435,0.962680730368648,-0.7059190443611953,0.5334105004790944,-0.5319929055015036
84,2024-06-01,3,2024-09-01,OLS-trend,132.34067265776707,130.86443078007517,0.43068782486714435,-0.6910665320261198,1.4762418776919048,1.1154861525522586,1.1217543568932642
84,2024-06-01,3,2024-09-01,Lasso,132.34067265776707,133.00706327110723,0.43068782486714435,0.9329660990730457,-0.6663906133401554,0.5035418061259529,-0.5022782742059013
84,2024-06-01,3,2024-09-01,RandomForest,132.34067265776707,132.8165366649357,0.43068782486714435,0.7896179246875024,-0.47586400716863864,0.3595750252828341,-0.358930099820358
84,2024-06-01,3,2024-09-01,GradientBoosting,132.34067265776707,132.94837538650754,0.43068782486714435,0.8888324759002967,-0.6077027287404633,0.4591957381930363,-0.45814465103315233
84,2024-06-01,3,2024-09-01,SVR,132.34067265776707,132.5656972133205,0.43068782486714435,0.6005777446800764,-0.22502455555343204,0.17003431449630413,-0.16988991981293206
85,2024-07-01,1,2024-08-01,Naive-drift,132.01611475809196,132.2033423777306,0.18166521061950286,0.32338653046880184,-0.18722761963863377,0.14182179196964861,-0.14172131984929898
85,2024-07-01,1,2024-08-01,OLS-trend,132.01611475809196,130.57697653893354,0.18166521061950286,-0.9144433129061195,1.4391382191584228,1.0901231427659557,1.0961085235256223
85,2024-07-01,1,2024-08-01,Lasso,132.01611475809196,132.1855932558515,0.18166521061950286,0.30996000650081396,-0.16947849775954182,0.1283771288604398,-0.1282947958813111
85,2024-07-01,1,2024-08-01,RandomForest,132.01611475809196,132.21504954385287,0.18166521061950286,0.3322415621062477,-0.19893478576091184,0.15068977459717137,-0.15057635148674486
85,2024-07-01,1,2024-08-01,GradientBoosting,132.01611475809196,132.1734151568042,0.18166521061950286,0.30074670287327715,-0.15730039871223767,0.11915242241485212,-0.11908149225377429
85,2024-07-01,1,2024-08-01,SVR,132.01611475809196,132.25326792881043,0.18166521061950286,0.36114361403353057,-0.23715317071847153,0.1796395623011888,-0.1794784034140277
85,2024-07-01,2,2024-09-01,Naive-drift,132.34067265776707,132.63156220924827,0.4272106841577433,0.6467730609376037,-0.2908895514812002,0.2198035914729257,-0.21956237677986035
85,2024-07-01,2,2024-09-01,OLS-trend,132.34067265776707,130.94302395221848,0.4272106841577433,-0.6345047601044396,1.3976487055485904,1.0560991398033086,1.061715444262183
85,2024-07-01,2,2024-09-01,Lasso,132.34067265776707,132.600355121046,0.4272106841577433,0.6232411356245223,-0.25968246327892075,0.19622271676860786,-0.196030451466779
85,2024-07-01,2,2024-09-01,RandomForest,132.34067265776707,132.77969680105267,0.4272106841577433,0.7583995290374507,-0.439024143285593,0.331737881082794,-0.33118884487970734
85,2024-07-01,2,2024-09-01,GradientBoosting,132.34067265776707,132.66047554431324,0.4272106841577433,0.6685704246461082,-0.31980288654617084,0.24165124758975723,-0.24135974048836484
85,2024-07-01,2,2024-09-01,SVR,132.34067265776707,132.63761594562789,0.4272106841577433,0.651337282399566,-0.29694328786081314,0.22437794964871335,-0.22412659824182268
85,2024-07-01,3,2024-10-01,Naive-drift,133.00661181259343,133.06116908757437,0.9291495333219627,0.9701595914064054,-0.054557274980936654,0.04101846835840609,-0.04101005808444269
85,2024-07-01,3,2024-10-01,OLS-trend,133.00661181259343,131.30907136550346,0.9291495333219627,-0.355347676112618,1.6975404470899775,1.2762827531324648,1.2844972094345808
85,2024-07-01,3,2024-10-01,Lasso,133.00661181259343,132.99833850151708,0.9291495333219627,0.9229291144393396,0.00827331107635132,0.006220225418574251,0.006220418882623147
85,2024-07-01,3,2024-10-01,RandomForest,133.00661181259343,133.02602676904368,0.9291495333219627,0.9437454540242053,-0.019414956450248155,0.01459698595856563,-0.014595920702242582
85,2024-07-01,3,2024-10-01,GradientBoosting,133.00661181259343,133.07228332950197,0.9291495333219627,0.9785119738920389,-0.06567151690853734,0.04937462582767587,-0.049362440570076216
85,2024-07-01,3,2024-10-01,SVR,133.00661181259343,132.96206182743228,0.9291495333219627,0.8956493583065385,0.04454998516115438,0.03349456433333209,0.03350017501542424
86,2024-08-01,1,2024-09-01,Naive-drift,132.34067265776707,132.39848864057933,0.24554547353824438,0.2892231700662995,-0.05781598281225797,0.043687236622840867,-0.043677696528055115
86,2024-08-01,1,2024-09-01,OLS-trend,132.34067265776707,131.00996061357466,0.24554547353824438,-0.7650641106979486,1.3307120441924098,1.0055200849958128,1.0106095842361928
86,2024-08-01,1,2024-09-01,Lasso,132.34067265776707,132.42361942897432,0.24554547353824438,0.3082025435435364,-0.08294677120724714,0.06267670364782522,-0.062657070005292
86,2024-08-01,1,2024-09-01,RandomForest,132.34067265776707,132.43015925107903,0.24554547353824438,0.3131409832657466,-0.0894865933119604,0.06761836064062686,-0.0675955097275022
86,2024-08-01,1,2024-09-01,GradientBoosting,132.34067265776707,132.46229014763088,0.24554547353824438,0.3374005624137229,-0.12161748986380871,0.09189728858210619,-0.09185508887547852
86,2024-08-01,1,2024-09-01,SVR,132.34067265776707,132.47963954427993,0.24554547353824438,0.35049731663000644,-0.13896688651286127,0.10500693681089984,-0.10495184309176206
86,2024-08-01,2,2024-10-01,Naive-drift,133.00661181259343,132.78197003775367,0.7474843227024491,0.578446340132599,0.22464177483976755,0.16889519383915158,0.16903798256985014
86,2024-08-01,2,2024-10-01,OLS-trend,133.00661181259343,131.37716210722786,0.7474843227024491,-0.4851710049941815,1.6294497053655732,1.22508925169936,1.2326553276966306
86,2024-08-01,2,2024-10-01,Lasso,133.00661181259343,132.8333800078451,0.7474843227024491,0.6171564302870827,0.1732318047483261,0.1302430025000637,0.13032789241536646
86,2024-08-01,2,2024-10-01,RandomForest,133.00661181259343,133.0155520577848,0.7474843227024491,0.7542057515222673,-0.008940245191354279,0.006721654712888335,-0.006721428819818187
86,2024-08-01,2,2024-10-01,GradientBoosting,133.00661181259343,132.94990672969024,0.7474843227024491,0.7048419508792442,0.05670508290319276,0.04263328125604036,0.04264237182320496
86,2024-08-01,2,2024-10-01,SVR,133.00661181259343,132.9065464142736,0.7474843227024491,0.6722226066516757,0.10006539831982764,0.07523340152504597,0.07526171605077348
86,2024-08-01,3,2024-11-01,Naive-drift,133.30927235509546,133.1665621574407,0.9747788182976261,0.8676695101988985,0.14271019765476467,0.10705196655385531,0.10710930809872765
86,2024-08-01,3,2024-11-01,OLS-trend,133.30927235509546,131.74436360088103,0.9747788182976261,-0.2060591147370466,1.5649087542144287,1.1738934033380561,1.1808379330346728
86,2024-08-01,3,2024-11-01,Lasso,133.30927235509546,133.2354582395309,0.9747788182976261,0.9193929044310946,0.07381411556454509,0.05537057870057732,0.05538591386653158
86,2024-08-01,3,2024-11-01,RandomForest,133.30927235509546,133.22707072267636,0.9747788182976261,0.9130974475126419,0.08220163241909972,0.061662351738099294,0.06168137078498426
86,2024-08-01,3,2024-11-01,GradientBoosting,133.30927235509546,133.10124858869005,0.9747788182976261,0.8186109552969283,0.20802376640540388,0.15604598444682202,0.15616786300069785
86,2024-08-01,3,2024-11-01,SVR,133.30927235509546,133.26851399494865,0.9747788182976261,0.9441998559448728,0.040758360146810446,0.03057428746459777,0.03057896235275337
87,2024-09-01,1,2024-10-01,Naive-drift,133.00661181259343,132.6695938929216,0.5019388491642116,0.24823295213095933,0.3370179196718368,0.25338433561986806,0.2537058970332523
87,2024-09-01,1,2024-10-01,OLS-trend,133.00661181259343,131.43834427017924,0.5019388491642116,-0.6841574570348468,1.5682675424141905,1.179089912179616,1.1860963061990584
87,2024-09-01,1,2024-10-01,Lasso,133.00661181259343,132.74805516208056,0.5019388491642116,0.30735582638130227,0.25855665051287247,0.1943938327495924,0.19458302278290934
87,2024-09-01,1,2024-10-01,RandomForest,133.00661181259343,132.80843628153616,0.5019388491642116,0.3528309869905638,0.1981755310572737,0.14899675163254547,0.1491078621736478
87,2024-09-01,1,2024-10-01,GradientBoosting,133.00661181259343,132.90656702321613,0.5019388491642116,0.42669263945339864,0.1000447893773071,0.07521790684982668,0.07524620971081297
87,2024-09-01,1,2024-10-01,SVR,133.00661181259343,132.6804678607347,0.5019388491642116,0.25642889355815746,0.32614395185873946,0.24520882639900407,0.24550995560605415
87,2024-09-01,2,2024-11-01,Naive-drift,133.30927235509546,132.99933263320708,0.7292333447594065,0.49646590426191867,0.3099397218883837,0.23249674716009122,0.23276744049748782
87,2024-09-01,2,2024-11-01,OLS-trend,133.30927235509546,131.80658864160998,0.7292333447594065,-0.40438408585955565,1.5026837134854816,1.1272161995474614,1.1336174306189621
87,2024-09-01,2,2024-11-01,Lasso,133.30927235509546,133.15648235900042,0.7292333447594065,0.6145544337647633,0.15278999609503785,0.11461317986047635,0.11467891099464322
87,2024-09-01,2,2024-11-01,RandomForest,133.30927235509546,133.2306314331781,0.7292333447594065,0.6702246011667373,0.07864092191735494,0.05899133685755885,0.059008743592669166
87,2024-09-01,2,2024-11-01,GradientBoosting,133.30927235509546,133.08332309397122,0.7292333447594065,0.5595970116421854,0.22594926112424218,0.1694925320141137,0.16963633311722104
87,2024-09-01,2,2024-11-01,SVR,133.30927235509546,132.92215976416793,0.7292333447594065,0.43842405852018235,0.38711259092752925,0.29038684563244693,0.29080928623922414
87,2024-09-01,3,2024-12-01,Naive-drift,133.9121895074979,133.32989091046147,1.1804831592628346,0.744698856392878,0.5822985970364414,0.4348361408905481,0.4357843028699566
87,2024-09-01,3,2024-12-01,OLS-trend,133.9121895074979,132.17483301304074,1.1804831592628346,-0.12539126281830304,1.737356494457174,1.2973848764976674,1.3058744220811378
87,2024-09-01,3,2024-12-01,Lasso,133.9121895074979,133.5573987483252,1.1804831592628346,0.9151887236790135,0.3547907591727153,0.2649428408851833,0.26529443558382115
87,2024-09-01,3,2024-12-01,RandomForest,133.9121895074979,133.36602495215712,1.1804831592628346,0.7717964156486061,0.5461645553407948,0.4078527558614926,0.4086867436142285
87,2024-09-01,3,2024-12-01,GradientBoosting,133.9121895074979,133.30025908689205,1.1804831592628346,0.7224719449264151,0.6119304206058587,0.45696394245842414,0.45801121433641956
87,2024-09-01,3,2024-12-01,SVR,133.9121895074979,133.4594167726643,1.1804831592628346,0.8417986041334858,0.4527727348336157,0.3381116659348359,0.3386845551293488
88,2024-10-01,1,2024-11-01,Naive-drift,133.30927235509546,133.3286135322391,0.22729449559519663,0.2418019442371596,-0.019341177143644472,0.014508501023188729,-0.014507448641962961
88,2024-10-01,1,2024-11-01,OLS-trend,133.30927235509546,131.87787352990154,0.22729449559519663,-0.8522546069614165,1.4313988251939236,1.0737428836766216,1.079549102556613
88,2024-10-01,1,2024-11-01,Lasso,133.30927235509546,133.4195057129349,0.22729449559519663,0.30995026668507464,-0.11023335783943367,0.08268994038599614,-0.08265577108987801
88,2024-10-01,1,2024-11-01,RandomForest,133.30927235509546,133.03060294988165,0.22729449559519663,0.018035925819386164,0.27866940521380457,0.20903977667173354,0.20925856977581048
88,2024-10-01,1,2024-11-01,GradientBoosting,133.30927235509546,133.3434356982474,0.22729449559519663,0.2529183443745716,-0.03416334315193126,0.02562713196793279,-0.025623848779374986
88,2024-10-01,1,2024-11-01,SVR,133.30927235509546,133.0665782011747,0.22729449559519663,0.045075108539468556,0.2426941539207519,0.18205346832461006,0.18221938705572807
88,2024-10-01,2,2024-12-01,Naive-drift,133.9121895074979,133.65139480040526,0.6785443100986169,0.4836038884743192,0.26079470709265706,0.19475053619226712,0.19494042162429775
88,2024-10-01,2,2024-12-01,OLS-trend,133.9121895074979,132.24731933203384,0.6785443100986169,-0.5725039030843759,1.664870175464074,1.2432551372560865,1.251048213182993
88,2024-10-01,2,2024-12-01,Lasso,133.9121895074979,133.82893068793388,0.6785443100986169,0.6163507836152724,0.08325881956403691,0.06217419031848116,0.06219352648334453
88,2024-10-01,2,2024-12-01,RandomForest,133.9121895074979,133.1545626742942,0.6785443100986169,0.11117389846544867,0.7576268332037159,0.5657639054294571,0.5673704116331683
88,2024-10-01,2,2024-12-01,GradientBoosting,133.9121895074979,133.27139289910028,0.6785443100986169,0.19887573820781665,0.6407966083976362,0.47851999937747053,0.47966857189080025
88,2024-10-01,2,2024-12-01,SVR,133.9121895074979,133.3538970581961,0.6785443100986169,0.2607634621685593,0.5582924493018027,0.41690935780759764,0.41778084793005765
88,2024-10-01,3,2025-01-01,Naive-drift,134.3264853148839,133.9749575043362,0.9874454311574382,0.7254058327114787,0.351527810547708,0.26169657437523774,0.2620395984459595
88,2024-10-01,3,2025-01-01,OLS-trend,134.3264853148839,132.61676513416614,0.9874454311574382,-0.29353362104251435,1.7097201807177669,1.272809436433846,1.2809790521999527
88,2024-10-01,3,2025-01-01,Lasso,134.3264853148839,134.24379044867723,0.9874454311574382,0.9258638815351515,0.08269486620667976,0.06156259207767483,0.06158154962228668
88,2024-10-01,3,2025-01-01,RandomForest,134.3264853148839,133.85033612994235,0.9874454311574382,0.6323441343955455,0.476149184941562,0.35447155773143924,0.3551012967618927
88,2024-10-01,3,2025-01-01,GradientBoosting,134.3264853148839,133.89923862545646,0.9874454311574382,0.6688726675239602,0.4272466894274487,0.3180658590343598,0.318572763633478
88,2024-10-01,3,2025-01-01,SVR,134.3264853148839,133.8616899470516,0.9874454311574382,0.6408262465235706,0.46479536783232334,0.34601915381226916,0.34661918463386765
89,2024-11-01,1,2024-12-01,Naive-drift,133.9121895074979,133.63145228483992,0.45124981450343693,0.24138698703091896,0.28073722265799006,0.20964276940768803,0.20986282747251797
89,2024-11-01,1,2024-12-01,OLS-trend,133.9121895074979,132.31165186350324,0.45124981450343693,-0.7511646045226668,1.6005376439946701,1.1952143041504477,1.2024144190261037
89,2024-11-01,1,2024-12-01,Lasso,133.9121895074979,133.72165147550575,0.45124981450343693,0.3088626907496818,0.1905380319921619,0.1422858013844165,0.14238712375375512
89,2024-11-01,1,2024-12-01,RandomForest,133.9121895074979,133.33893845007262,0.45124981450343693,0.02225111131251498,0.5732510574252956,0.42807981822535923,0.4289987031909219
89,2024-11-01,1,2024-12-01,GradientBoosting,133.9121895074979,133.52813531723413,0.45124981450343693,0.1640422256591373,0.3840541902637824,0.286795542419444,0.28720758884429964
89,2024-11-01,1,2024-12-01,SVR,133.9121895074979,133.61886696043203,0.45124981450343693,0.23196860769819844,0.293322547065884,0.21904096120350605,0.2192812068052385
89,2024-11-01,2,2025-01-01,Naive-drift,134.3264853148839,133.95441085439916,0.7601509355622564,0.4827739740618379,0.3720744604847539,0.2769926270404148,0.2773769615004185
89,2024-11-01,2,2025-01-01,OLS-trend,134.3264853148839,132.68216987449335,0.7601509355622564,-0.4715216679328671,1.6443154403905567,1.2241185619768165,1.2316726034951235
89,2024-11-01,2,2025-01-01,Lasso,134.3264853148839,134.13548130078,0.7601509355622564,0.6178558844305281,0.19100401410392465,0.1421938597263072,0.14229505113172836
89,2024-11-01,2,2025-01-01,RandomForest,134.3264853148839,133.41462492636245,0.7601509355622564,0.07899747853091817,0.9118603885214611,0.6788388651604386,0.6811534570313382
89,2024-11-01,2,2025-01-01,GradientBoosting,134.3264853148839,133.5278407138533,0.7601509355622564,0.16382159522411638,0.7986446010306167,0.5945548259961237,0.59632934033814
89,2024-11-01,2,2025-01-01,SVR,134.3264853148839,134.02644755160324,0.7601509355622564,0.536536544543731,0.30003776328067033,0.22336456029302879,0.22361439101852543
89,2024-11-01,3,2025-02-01,Naive-drift,135.18608983372744,134.27814994557858,1.3980487651836955,0.7241609610927568,0.9079398881488601,0.6716222721328678,0.6738878040909386
89,2024-11-01,3,2025-02-01,OLS-trend,135.18608983372744,133.05268788548346,1.3980487651836955,-0.19265855285389638,2.1334019482439714,1.5781223873461803,1.590707318037592
89,2024-11-01,3,2025-02-01,Lasso,135.18608983372744,134.5369236730535,1.3980487651836955,0.9166901998185467,0.6491661606739285,0.48020189168306626,0.48135856536514876
89,2024-11-01,3,2025-02-01,RandomForest,135.18608983372744,133.7296712087798,1.3980487651836955,0.3148598443221057,1.456418624947645,1.0773435541622454,1.08318892086159
89,2024-11-01,3,2025-02-01,GradientBoosting,135.18608983372744,133.8671550488043,1.3980487651836955,0.4176143156991388,1.3189347849231297,0.9756438599158818,0.9804344494845567
89,2024-11-01,3,2025-02-01,SVR,135.18608983372744,134.37219006988823,1.3980487651836955,0.7941702736774638,0.8138997638392027,0.6020588100745138,0.6038784915062316
90,2024-12-01,1,2025-01-01,Naive-drift,134.3264853148839,134.2717051848011,0.3089011210588078,0.2681114711059177,0.054780130082804135,0.04078133210616676,0.040789649952890084
90,2024-12-01,1,2025-01-01,OLS-trend,134.3264853148839,132.75330488089315,0.3089011210588078,-0.8691727626959654,1.573180433990757,1.171161763298546,1.1780738837547733
90,2024-12-01,1,2025-01-01,Lasso,134.3264853148839,134.32891765792448,0.3089011210588078,0.31071187417505447,-0.0024323430405672752,0.0018107695104695501,-0.0018107531162466772
90,2024-12-01,1,2025-01-01,RandomForest,134.3264853148839,133.91997600248558,0.3089011210588078,0.005814458450170227,0.40650931239832744,0.30262781866539656,0.3030866626086376
90,2024-12-01,1,2025-01-01,GradientBoosting,134.3264853148839,134.11087456739196,0.3089011210588078,0.14825970068945699,0.21561074749195086,0.16051246110290382,0.1606414203693508
90,2024-12-01,1,2025-01-01,SVR,134.3264853148839,134.18248129405453,0.3089011210588078,0.20163912794581762,0.14400402082938513,0.10720448799938109,0.10726199311299017
90,2024-12-01,2,2025-02-01,Naive-drift,135.18608983372744,134.63218605819813,0.9467989506802622,0.5362229422118354,0.5539037755293066,0.409734297523201,0.4105760084684268
90,2024-12-01,2,2025-02-01,OLS-trend,135.18608983372744,133.1249954469338,0.9467989506802622,-0.5895780701485441,2.061094386793627,1.5246349600973568,1.5363770208288063
90,2024-12-01,2,2025-02-01,Lasso,135.18608983372744,134.74321110733217,0.9467989506802622,0.6186544163472132,0.44287872639526427,0.3276067285768709,0.328144534333049
90,2024-12-01,2,2025-02-01,RandomForest,135.18608983372744,134.03256847065964,0.9467989506802622,0.08985357442275692,1.1535213630677958,0.8532840653106937,0.8569453762575053
90,2024-12-01,2,2025-02-01,GradientBoosting,135.18608983372744,134.26207800563535,0.9467989506802622,0.26094129009143474,0.924011828092091,0.6835110248610506,0.6858576605888275
90,2024-12-01,2,2025-02-01,SVR,135.18608983372744,134.72881845171497,0.9467989506802622,0.6079723016546787,0.45727138201246476,0.3382532792944061,0.33882664902558346
90,2024-12-01,3,2025-03-01,Naive-drift,135.43100670149892,134.99363471896262,1.127805204738975,0.8043344133177532,0.43737198253629117,0.3229481882980424,0.3234707914212218
90,2024-12-01,3,2025-03-01,OLS-trend,135.43100670149892,133.49668601297446,1.127805204738975,-0.31076293044019576,1.9343206885244513,1.4282701839379024,1.4385681351791708
90,2024-12-01,3,2025-03-01,Lasso,135.43100670149892,135.15868273811813,1.127805204738975,0.9265232890186875,0.272323963380785,0.20107947951757418,0.20128191572028753
90,2024-12-01,3,2025-03-01,RandomForest,135.43100670149892,134.37640960363476,1.127805204738975,0.34606059367294556,1.0545970978641606,0.7786969347341406,0.7817446110660295
90,2024-12-01,3,2025-03-01,GradientBoosting,135.43100670149892,134.52486250712582,1.127805204738975,0.4564750349344615,0.9061441943730983,0.6690817829998965,0.6713301698045135
90,2024-12-01,3,2025-03-01,SVR,135.43100670149892,135.30948953134822,1.127805204738975,1.0380386718401713,0.12151717015069607,0.08972625479963382,0.08976653289880376
91,2025-01-01,1,2025-02-01,Naive-drift,135.18608983372744,134.7186781811171,0.6378978296214455,0.2915444670584577,0.46741165261033757,0.3457542511845946,0.34635336256298777
91,2025-01-01,1,2025-02-01,OLS-trend,135.18608983372744,133.19414623524108,0.6378978296214455,-0.8465484216618209,1.9919435984863583,1.473482664478539,1.4844462512832663
91,2025-01-01,1,2025-02-01,Lasso,135.18608983372744,134.74447145285464,0.6378978296214455,0.3106886593915129,0.4416183808727965,0.3266744244292933,0.32720917022993257
91,2025-01-01,1,2025-02-01,RandomForest,135.18608983372744,134.50229035184253,0.6378978296214455,0.13079333608160637,0.683799481884904,0.505820889357733,0.5071044935398391
91,2025-01-01,1,2025-02-01,GradientBoosting,135.18608983372744,134.7744153113466,0.6378978296214455,0.3329088896504089,0.41167452238084934,0.30452432116883454,0.3049889399710366
91,2025-01-01,1,2025-02-01,SVR,135.18608983372744,134.93301345823681,0.6378978296214455,0.450516451217573,0.2530763754906218,0.1872059291025385,0.18738137840387248
91,2025-01-01,2,2025-03-01,Naive-drift,135.43100670149892,135.11201613235693,0.8189040836801541,0.5830889341169154,0.3189905691419881,0.23553732406720534,0.23581514956323868
91,2025-01-01,2,2025-03-01,OLS-trend,135.43100670149892,133.56696425978674,0.8189040836801541,-0.5670337153505058,1.8640424417121721,1.3763778968435751,1.38593779903066
91,2025-01-01,2,2025-03-01,Lasso,135.43100670149892,135.16256166621108,0.8189040836801541,0.6204920334798752,0.26844503528784003,0.19821534360998658,0.19841205020027886
91,2025-01-01,2,2025-03-01,RandomForest,135.43100670149892,134.60537965371256,0.8189040836801541,0.2074089947216155,0.8256270477863552,0.6096292628217002,0.6114950889585387
91,2025-01-01,2,2025-03-01,GradientBoosting,135.43100670149892,134.97343434500132,0.8189040836801541,0.4804682270240958,0.4575723564975931,0.3378638080318787,0.3384358566560583
91,2025-01-01,2,2025-03-01,SVR,135.43100670149892,135.47128546053915,0.8189040836801541,0.8486408267808463,-0.040278759040234036,0.02974116490842583,-0.029736743100692187
91,2025-01-01,3,2025-04-01,Naive-drift,136.09237872036053,135.50650251190655,1.306061626902848,0.8746334011753731,0.5858762084539819,0.43049891107997074,0.43142822572747486
91,2025-01-01,3,2025-04-01,OLS-trend,136.09237872036053,133.9397822843324,1.306061626902848,-0.28829811653544385,2.1525964360281193,1.5817171073563383,1.594359743438292
91,2025-01-01,3,2025-04-01,Lasso,136.09237872036053,135.57290039729267,1.306061626902848,0.9236211781893371,0.5194783230678581,0.3817100766055902,0.3824404487135109
91,2025-01-01,3,2025-04-01,RandomForest,136.09237872036053,134.74055715878401,1.306061626902848,0.30778364155726723,1.3518215615765143,0.9933117300816718,0.9982779853455808
91,2025-01-01,3,2025-04-01,GradientBoosting,136.09237872036053,134.9729091181897,1.306061626902848,0.48007909279476735,1.119469602170824,0.8225806710830473,0.8259825341080806
91,2025-01-01,3,2025-04-01,SVR,136.09237872036053,135.9794689806785,1.306061626902848,1.2230616788244055,0.11290973968203843,0.08296551264934737,0.08299994807844246
92,2025-02-01,1,2025-03-01,Naive-drift,135.43100670149892,135.59555233926645,0.1810062540587107,0.30243026399102335,-0.16454563776753162,0.12149775872980384,-0.12142400993231264
92,2025-02-01,1,2025-03-01,OLS-trend,135.43100670149892,133.65357050319918,0.1810062540587107,-1.140111491736404,1.777436198299739,1.3124292889717306,1.3211177457951147
92,2025-02-01,1,2025-03-01,Lasso,135.43100670149892,135.61236761489727,0.1810062540587107,0.3148305476222716,-0.18136091339835048,0.13391387822884965,-0.13382429356356088
92,2025-02-01,1,2025-03-01,RandomForest,135.43100670149892,135.52497270268617,0.1810062540587107,0.25036512568122027,-0.09396600118725473,0.06938293044986628,-0.06935887162250956
92,2025-02-01,1,2025-03-01,GradientBoosting,135.43100670149892,135.65713698213918,0.1810062540587107,0.34783784618676566,-0.22613028064026253,0.16697083345077118,-0.16683159212805496
92,2025-02-01,1,2025-03-01,SVR,135.43100670149892,135.7796130152197,0.1810062540587107,0.43808063121385077,-0.3486063137207793,0.25740509666972816,-0.25707437715514003
92,2025-02-01,2,2025-04-01,Naive-drift,136.09237872036053,136.0062550577863,0.6681637972814226,0.6048605279820467,0.08612366257423787,0.06328323700712352,0.06330326929937591
92,2025-02-01,2,2025-04-01,OLS-trend,136.09237872036053,134.0277854026386,0.6681637972814226,-0.8605140263412738,2.064593317721915,1.5170528556666598,1.5286778236226963
92,2025-02-01,2,2025-04-01,Lasso,136.09237872036053,136.0332072688318,0.6681637972814226,0.6246754554952647,0.05917145152872649,0.04347888697743363,0.0434883417861579
92,2025-02-01,2,2025-04-01,RandomForest,136.09237872036053,135.64467658454657,0.6681637972814226,0.33865221086972636,0.44770213581395524,0.3289692927874258,0.32951158641169626
92,2025-02-01,2,2025-04-01,GradientBoosting,136.09237872036053,135.93458231273578,0.6681637972814226,0.5521485135578088,0.157796407624744,0.1159480120110035,0.1160152837236138
92,2025-02-01,2,2025-04-01,SVR,136.09237872036053,136.34083863910442,0.6681637972814226,0.850564453146785,-0.24845991874389028,0.18256710704897,-0.18240065586536236
92,2025-02-01,3,2025-05-01,Naive-drift,136.76633215998467,136.4182017457439,1.1621592486255097,0.9072907919730699,0.34813041424078506,0.2545439427545324,0.25486845665243973
92,2025-02-01,3,2025-05-01,OLS-trend,136.76633215998467,134.40200030207802,1.1621592486255097,-0.5816961292260068,2.364331857906649,1.728738221290407,1.7438553778515165
92,2025-02-01,3,2025-05-01,Lasso,136.76633215998467,136.45475573368103,1.1621592486255097,0.9340827383010878,0.31157642630364535,0.22781661347704615,0.2280765103244219
92,2025-02-01,3,2025-05-01,RandomForest,136.76633215998467,135.89040856416548,1.1621592486255097,0.5196469037413798,0.875923595819188,0.6404526479474217,0.6425123448841299
92,2025-02-01,3,2025-05-01,GradientBoosting,136.76633215998467,136.19112415566397,1.1621592486255097,0.7406951394960188,0.5752080043207002,0.42057719559799345,0.42146410912949084
92,2025-02-01,3,2025-05-01,SVR,136.76633215998467,136.5281250046288,1.1621592486255097,0.9878364920280603,0.238207155355866,0.17417090273154306,0.17432275659744934
93,2025-03-01,1,2025-04-01,Naive-drift,136.09237872036053,135.80398758726312,0.4871575432226969,0.27502433588224573,0.2883911330974058,0.2119083638695046,0.21213320734045116
93,2025-03-01,1,2025-04-01,OLS-trend,136.09237872036053,134.10423427138272,0.4871575432226969,-0.9844969745608766,1.9881444489778062,1.4608786088330483,1.4716545177835734
93,2025-03-01,1,2025-04-01,Lasso,136.09237872036053,135.85578415129567,0.4871575432226969,0.3131577439527278,0.23659456906486298,0.1738485073811606,0.1739997992699691
93,2025-03-01,1,2025-04-01,RandomForest,136.09237872036053,135.780832972308,0.4871575432226969,0.25797285637501055,0.3115457480525379,0.22892225926383053,0.22918468684768634
93,2025-03-01,1,2025-04-01,GradientBoosting,136.09237872036053,135.9517532566774,0.4871575432226969,0.3837732318710257,0.14062546368313633,0.10333088818448113,0.1033843113516712
93,2025-03-01,1,2025-04-01,SVR,136.09237872036053,135.9407590517706,0.4871575432226969,0.37568606182030434,0.15161966858991605,0.11140937502566593,0.11147148140239255
93,2025-03-01,2,2025-05-01,Naive-drift,136.76633215998467,136.17799567310905,0.9811529945667987,0.5500486717644915,0.5883364868756189,0.4301764020310222,0.43110432280230726
93,2025-03-01,2,2025-05-01,OLS-trend,136.76633215998467,134.4796690995787,0.9811529945667987,-0.7049306505863087,2.286663060405971,1.6719488080817353,1.6860836451531074
93,2025-03-01,2,2025-05-01,Lasso,136.76633215998467,136.28300946026138,0.9811529945667987,0.6271340457254541,0.48332269972328845,0.3533930405897803,0.35401894884134466
93,2025-03-01,2,2025-05-01,RandomForest,136.76633215998467,135.93458251695,0.9811529945667987,0.3711424097288527,0.8317496430346694,0.6081537977210039,0.610010584837946
93,2025-03-01,2,2025-05-01,GradientBoosting,136.76633215998467,136.31829947180458,0.9811529945667987,0.653025346011993,0.448032688180092,0.32758989811615213,0.3281276485548057
93,2025-03-01,2,2025-05-01,SVR,136.76633215998467,136.3107482627698,0.9811529945667987,0.6474857976040386,0.4555838972148649,0.333111146595595,0.33366719696276015
93,2025-03-01,3,2025-06-01,Naive-drift,136.90001763705735,136.55303378797515,1.078852611494944,0.8250730076467372,0.3469838490821928,0.2534578556462275,0.25377960384820675
93,2025-03-01,3,2025-06-01,OLS-trend,136.90001763705735,134.85510392777468,1.078852611494944,-0.4261437214873461,2.0449137092826675,1.4937278640124378,1.50499633298229
93,2025-03-01,3,2025-06-01,Lasso,136.90001763705735,136.69962632646127,1.078852611494944,0.9323675185129446,0.20039131059607485,0.1463778559381508,0.1464850929819993
93,2025-03-01,3,2025-06-01,RandomForest,136.90001763705735,136.10985250624174,1.078852611494944,0.49999636958092186,0.790165130815609,0.577184097163856,0.5788562419140221
93,2025-03-01,3,2025-06-01,GradientBoosting,136.90001763705735,136.294026461469,1.078852611494944,0.6352176329406088,0.6059911755883434,0.44265237218224296,0.4436349785543351
93,2025-03-01,3,2025-06-01,SVR,136.90001763705735,136.50650595746146,1.078852611494944,0.7909941170081821,0.39351167959588906,0.28744457918124455,0.2878584944867618
94,2025-04-01,1,2025-05-01,Naive-drift,136.76633215998467,136.47959630013636,0.4939954513441041,0.2841215354082882,0.2867358598483065,0.2096538346242206,0.2098739159358159
94,2025-04-01,1,2025-05-01,OLS-trend,136.76633215998467,134.56427099102456,0.4939954513441041,-1.1291974301620924,2.202061168960114,1.6100900961387314,1.6231928815061964
94,2025-04-01,1,2025-05-01,Lasso,136.76633215998467,136.52216321764126,0.4939954513441041,0.3153058896227272,0.24416894234340702,0.17853000697407487,0.1786895617213769
94,2025-04-01,1,2025-05-01,RandomForest,136.76633215998467,136.4186097216592,0.4939954513441041,0.23942605691358693,0.34772243832546224,0.25424564133130967,0.2545693944305172
94,2025-04-01,1,2025-05-01,GradientBoosting,136.76633215998467,136.5192511955083,0.4939954513441041,0.31317286365718655,0.24708096447636763,0.18065920213999787,0.18082258768691756
94,2025-04-01,1,2025-05-01,SVR,136.76633215998467,136.3282430859384,0.4939954513441041,0.173161945634429,0.4380890740462746,0.32031938498856044,0.3208335057096751
94,2025-04-01,2,2025-06-01,Naive-drift,136.90001763705735,136.8679156128344,0.5916950682722524,0.5682430708165764,0.03210202422295083,0.023449247689695814,0.023451997455675944
94,2025-04-01,2,2025-06-01,OLS-trend,136.90001763705735,134.94104163855917,0.5916950682722524,-0.8495956001902597,1.9589759984981754,1.4309537955588267,1.441290668462512
94,2025-04-01,2,2025-06-01,Lasso,136.90001763705735,136.94924457362194,0.5916950682722524,0.627646917619904,-0.04922693656459387,0.03595831279956583,-0.03595184934765161
94,2025-04-01,2,2025-06-01,RandomForest,136.90001763705735,136.59094954102838,0.5916950682722524,0.36567793082335137,0.309068096028966,0.2257619110381361,0.226017137448901
94,2025-04-01,2,2025-06-01,GradientBoosting,136.90001763705735,136.7580500971409,0.5916950682722524,0.48793963812705365,0.14196753991643618,0.10370162280973082,0.10375543014519872
94,2025-04-01,2,2025-06-01,SVR,136.90001763705735,136.7316734034834,0.5916950682722524,0.4686506546861561,0.16834423357394712,0.1229687449860329,0.1230444135860963
94,2025-04-01,3,2025-07-01,Naive-drift,136.72506029812996,137.25733979316607,0.4638139806973961,0.8523646062248647,-0.5322794950361072,0.38930646208929653,-0.38855062552746855
94,2025-04-01,3,2025-07-01,OLS-trend,136.72506029812996,135.31781228609375,0.4638139806973961,-0.5707733628030112,1.4072480120362059,1.0292538975427705,1.0345873435004074
94,2025-04-01,3,2025-07-01,Lasso,136.72506029812996,137.37369164074008,0.4638139806973961,0.9370978236824378,-0.6486313426101162,0.47440559996519366,-0.47328384298504167
94,2025-04-01,3,2025-07-01,RandomForest,136.72506029812996,137.03594627535227,0.4638139806973961,0.6909362540659546,-0.3108859772223127,0.2273803913813778,-0.2271222733685585
94,2025-04-01,3,2025-07-01,GradientBoosting,136.72506029812996,137.3334163724224,0.4638139806973961,0.9077754891439849,-0.6083560742924305,0.4449484775986976,-0.44396150844658877
94,2025-04-01,3,2025-07-01,SVR,136.72506029812996,136.81497762431977,0.4638139806973961,0.529557430988182,-0.08991732618980564,0.06576506603379093,-0.06574345029078588
95,2025-05-01,1,2025-06-01,Naive-drift,136.90001763705735,137.1948029144054,0.09769961692814753,0.31279699849235953,-0.2947852773480406,0.2153288819359841,-0.215097381564212
95,2025-05-01,1,2025-06-01,OLS-trend,136.90001763705735,135.033760003568,0.09769961692814753,-1.2749043681178698,1.8662576334893402,1.3632267297708254,1.3726039850460172
95,2025-05-01,1,2025-06-01,Lasso,136.90001763705735,137.20123480160584,0.09769961692814753,0.3174850306193293,-0.3012171645484898,0.22002711887668416,-0.21978541369118176
95,2025-05-01,1,2025-06-01,RandomForest,136.90001763705735,137.17507641682568,0.09769961692814753,0.29841750635439246,-0.2750587797683295,0.20091946262384852,-0.2007178894262449
95,2025-05-01,1,2025-06-01,GradientBoosting,136.90001763705735,137.23445442405045,0.09769961692814753,0.34169443479747125,-0.3344367869931091,0.24429272747046063,-0.2439948178693237
95,2025-05-01,1,2025-06-01,SVR,136.90001763705735,137.12063425086947,0.09769961692814753,0.25872153988188046,-0.22061661381212616,0.1611516328631996,-0.1610219229537329
95,2025-05-01,2,2025-07-01,Naive-drift,136.72506029812996,137.62461601079352,-0.030181470646707086,0.6255939969847191,-0.899555712663556,0.6579303828442777,-0.6557754676314261
95,2025-05-01,2,2025-07-01,OLS-trend,136.72506029812996,135.41197937555586,-0.030181470646707086,-0.9952034422080369,1.3130809225741018,0.9603805766923194,0.9650219715613298
95,2025-05-01,2,2025-07-01,Lasso,136.72506029812996,137.63344793165777,-0.030181470646707086,0.6320111901748038,-0.9083876335278092,0.6643900039590865,-0.6621926608215108
95,2025-05-01,2,2025-07-01,RandomForest,136.72506029812996,137.31561642049957,-0.030181470646707086,0.4008180755699844,-0.5905561223696054,0.4319296850788682,-0.43099954621669145
95,2025-05-01,2,2025-07-01,GradientBoosting,136.72506029812996,137.57414364810734,-0.030181470646707086,0.5889133351135221,-0.8490833499773771,0.6210151585422196,-0.6190948057602291
95,2025-05-01,2,2025-07-01,SVR,136.72506029812996,137.1235570335445,-0.030181470646707086,0.26085305826440497,-0.39849673541453967,0.2914584455443755,-0.29103452891111203
95,2025-05-01,3,2025-08-01,Naive-drift,136.9713655376713,138.05577565452828,0.14980283516217568,0.9383909954770786,-1.0844101168569864,0.7917057062256861,-0.788588160314903
95,2025-05-01,3,2025-08-01,OLS-trend,136.9713655376713,135.79019874754374,0.14980283516217568,-0.7162826608134845,1.1811667901275484,0.8623457797116665,0.8660854959756601
95,2025-05-01,3,2025-08-01,Lasso,136.9713655376713,138.05787425082573,0.14980283516217568,0.9399110914942266,-1.0865087131544442,0.7932378485747236,-0.790108256332051
95,2025-05-01,3,2025-08-01,RandomForest,136.9713655376713,137.7502847304602,0.14980283516217568,0.7168650082877306,-0.7789191927889192,0.5686730140502927,-0.567062173125555
95,2025-05-01,3,2025-08-01,GradientBoosting,136.9713655376713,137.96956617803465,0.14980283516217568,0.8759260937224697,-0.9982006403633648,0.7287659259619699,-0.7261232585602939
95,2025-05-01,3,2025-08-01,SVR,136.9713655376713,137.19465845519161,0.14980283516217568,0.3126917034762643,-0.22329291752032532,0.16302160429211243,-0.1628888683140886
96,2025-06-01,1,2025-07-01,Naive-drift,136.72506029812996,137.33626192166687,-0.12788108757485037,0.31815240003032486,-0.611201623536914,0.4470296975581393,-0.44603348760517525
96,2025-06-01,1,2025-07-01,OLS-trend,136.72506029812996,135.48974011028457,-0.12788108757485037,-1.0354942416417954,1.2353201878453888,0.9035067786050079,0.907613154066945
96,2025-06-01,1,2025-07-01,Lasso,136.72506029812996,137.33170876933494,-0.12788108757485037,0.31483701358690586,-0.6066484712049771,0.44369954555673685,-0.44271810116175625
96,2025-06-01,1,2025-07-01,RandomForest,136.72506029812996,137.0050246926696,-0.12788108757485037,0.0766740618306848,-0.2799643945396326,0.20476450617697173,-0.20455514940553515
96,2025-06-01,1,2025-07-01,GradientBoosting,136.72506029812996,136.90164722737822,-0.12788108757485037,0.0011903436172948688,-0.17658692924825914,0.12915476421309313,-0.12907143119214523
96,2025-06-01,1,2025-07-01,SVR,136.72506029812996,136.92437288229257,-0.12788108757485037,0.01778895244009815,-0.19931258416261244,0.14577619035457723,-0.14567004001494852
96,2025-06-01,2,2025-08-01,Naive-drift,136.9713655376713,137.77389633813425,0.052103218234026916,0.6363048000606497,-0.8025308004629608,0.5859113671771349,-0.5842015818266229
96,2025-06-01,2,2025-08-01,OLS-trend,136.9713655376713,135.86916196786103,0.052103218234026916,-0.7558482805672404,1.102203569810257,0.8046963432711909,0.8079514988012673
96,2025-06-01,2,2025-08-01,Lasso,136.9713655376713,137.76730364307062,0.052103218234026916,0.6315195301516022,-0.7959381053993297,0.5810981749907593,-0.5794163119175753
96,2025-06-01,2,2025-08-01,RandomForest,136.9713655376713,137.25918396111672,0.052103218234026916,0.2620131131410735,-0.2878184234454295,0.21013035995926513,-0.2099098949070466
96,2025-06-01,2,2025-08-01,GradientBoosting,136.9713655376713,137.46863494865235,0.052103218234026916,0.414492049528108,-0.4972694109810618,0.3630462535209942,-0.36238883129408106
96,2025-06-01,2,2025-08-01,SVR,136.9713655376713,137.03593257465275,0.052103218234026916,0.09923118790585295,-0.06456703698145816,0.047139076644235,-0.04712796967182603
96,2025-06-01,3,2025-09-01,Naive-drift,137.61044346324263,138.2129253162403,0.5175958755052038,0.9544572000909746,-0.6024818529976699,0.43781695475648974,-0.43686132458577076
96,2025-06-01,3,2025-09-01,OLS-trend,137.61044346324263,136.24858382543746,0.5175958755052038,-0.47698215784848524,1.3618596378051677,0.9896484623777384,0.9945780333536891
96,2025-06-01,3,2025-09-01,Lasso,137.61044346324263,138.19519265586132,0.5175958755052038,0.9416264189016431,-0.5847491926186876,0.4249308249448967,-0.4240305433964393
96,2025-06-01,3,2025-09-01,RandomForest,137.61044346324263,137.53154578112907,0.5175958755052038,0.46024535296755187,0.0788976821135634,0.057334080268869936,0.05735052253765194
96,2025-06-01,3,2025-09-01,GradientBoosting,137.61044346324263,137.83922838161135,0.5175958755052038,0.6837133149977994,-0.22878491836871717,0.16625549094304626,-0.1661174394925956
96,2025-06-01,3,2025-09-01,SVR,137.61044346324263,137.4356880005616,0.5175958755052038,0.3905222931451945,0.17475546268101994,0.12699287807156814,0.12707358236000932
97,2025-07-01,1,2025-08-01,Naive-drift,136.9713655376713,137.14573355983205,0.17998430580887223,0.30720588100664104,-0.1743680221607633,0.12730253617337764,-0.1272215751977688
97,2025-07-01,1,2025-08-01,OLS-trend,136.9713655376713,135.92010300653504,0.17998430580887223,-0.5904815040154354,1.0512625311362456,0.7675053300444146,0.7704658098243077
97,2025-07-01,1,2025-08-01,Lasso,136.9713655376713,137.14897116857136,0.17998430580887223,0.3095665600016464,-0.17760563090007508,0.12966624827232823,-0.12958225419277417
97,2025-07-01,1,2025-08-01,RandomForest,136.9713655376713,137.03327855968465,0.17998430580887223,0.22517552749126432,-0.06191302201335702,0.045201434453341315,-0.04519122168239209
97,2025-07-01,1,2025-08-01,GradientBoosting,136.9713655376713,137.16849089881546,0.17998430580887223,0.32379804940806745,-0.1971253611441739,0.1439172051547945,-0.14381374359919522
97,2025-07-01,1,2025-08-01,SVR,136.9713655376713,136.902229547109,0.17998430580887223,0.1294967865506183,0.06913599056230169,0.050474776454854854,0.05048751925825393
97,2025-07-01,2,2025-09-01,Naive-drift,137.61044346324263,137.5677011416297,0.6454769630800563,0.6144117620132821,0.04274232161293412,0.031060376332811612,0.03106520106677424
97,2025-07-01,2,2025-09-01,OLS-trend,137.61044346324263,136.30030457388713,0.6454769630800563,-0.31114769656935354,1.3101388893554997,0.952063561735017,0.9566246596494099
97,2025-07-01,2,2025-09-01,Lasso,137.61044346324263,137.58026916753062,0.6454769630800563,0.6235472289371649,0.030174295712015464,0.021927329752465606,0.021929734142891455
97,2025-07-01,2,2025-09-01,RandomForest,137.61044346324263,137.3978064661998,0.6454769630800563,0.4908364826785961,0.21263699704283567,0.15452097362046036,0.15464048040146022
97,2025-07-01,2,2025-09-01,GradientBoosting,137.61044346324263,137.44490494202273,0.6454769630800563,0.5251095227331443,0.16553852121990076,0.12029502780006522,0.12036744034691205
97,2025-07-01,2,2025-09-01,SVR,137.61044346324263,137.0885606984318,0.6454769630800563,0.26550951886257146,0.5218827648108402,0.37924648135462274,0.37996744421748485
97,2025-07-01,3,2025-10-01,Naive-drift,137.58553042199196,137.99096702586422,0.6273712902629844,0.921617643019923,-0.40543660387226055,0.29467968225200425,-0.29424635275693856
97,2025-07-01,3,2025-10-01,OLS-trend,137.58553042199196,136.6805061412392,0.6273712902629844,-0.032591989889155536,0.9050242807527695,0.6577903054027173,0.65996328015214
97,2025-07-01,3,2025-10-01,Lasso,137.58553042199196,138.01053800955262,0.6273712902629844,0.9357994379479329,-0.42500758756065693,0.308904276675829,-0.3084281476849484
97,2025-07-01,3,2025-10-01,RandomForest,137.58553042199196,137.87177801438025,0.6273712902629844,0.8352058160926373,-0.28624759238829256,0.20805065148227106,-0.2078345258296529
97,2025-07-01,3,2025-10-01,GradientBoosting,137.58553042199196,137.94003274957697,0.6273712902629844,0.8846995171788904,-0.3545023275850099,0.2576596001757649,-0.25732822691590596
97,2025-07-01,3,2025-10-01,SVR,137.58553042199196,137.70692328629386,0.6273712902629844,0.7155632261731679,-0.121392864301896,0.08823083643284942,-0.08819193591018348
98,2025-08-01,1,2025-09-01,Naive-drift,137.61044346324263,137.39260417362811,0.46549265727117334,0.3070658056057477,0.21783928961451693,0.15830142257531812,0.15842685166542564
98,2025-08-01,1,2025-09-01,OLS-trend,137.61044346324263,136.34321324862736,0.46549265727117334,-0.45965597431258665,1.2672302146152674,0.9208822984091026,0.92514863158376
98,2025-08-01,1,2025-09-01,Lasso,137.61044346324263,137.39394548548648,0.46549265727117334,0.30804206289349567,0.21649797775614843,0.15732670595889592,0.15745059437767767
98,2025-08-01,1,2025-09-01,RandomForest,137.61044346324263,137.32277438621574,0.46549265727117334,0.25622788798905,0.2876690770268908,0.2090459632184316,0.20926476928212334
98,2025-08-01,1,2025-09-01,GradientBoosting,137.61044346324263,137.1886735695006,0.46549265727117334,0.1585264417426003,0.421769893742038,0.30649555595298816,0.30696621552857306
98,2025-08-01,1,2025-09-01,SVR,137.61044346324263,137.32213299905564,0.46549265727117334,0.2557608215022064,0.288310464186992,0.20951205223316,0.20973183576896692
98,2025-08-01,2,2025-10-01,Naive-drift,137.58553042199196,137.8151382773473,0.4473869844540906,0.6141316112114954,-0.22960785535534,0.16688372291119866,-0.1667446267574048
98,2025-08-01,2,2025-10-01,OLS-trend,137.58553042199196,136.72406494741492,0.4473869844540906,-0.18071230280953726,0.8614654745770451,0.6261308670576209,0.6280992872636278
98,2025-08-01,2,2025-10-01,Lasso,137.58553042199196,137.81873903819408,0.4473869844540906,0.6167443240478407,-0.23320861620211986,0.16950083012860434,-0.16935733959375016
98,2025-08-01,2,2025-10-01,RandomForest,137.58553042199196,137.73980192889564,0.4473869844540906,0.5594518799953921,-0.15427150690368308,0.11212771170813758,-0.11206489554130156
98,2025-08-01,2,2025-10-01,GradientBoosting,137.58553042199196,137.77473035026162,0.4473869844540906,0.5848069284308818,-0.1891999282696588,0.13751440844786444,-0.1374199439767912
98,2025-08-01,2,2025-10-01,SVR,137.58553042199196,137.673186411828,0.4473869844540906,0.5110768786796991,-0.08765598983603695,0.06371018054528343,-0.0636898942256085
98,2025-08-01,3,2025-11-01,Naive-drift,137.46496842763605,138.23897183288113,0.35972162657881546,0.9211974168172432,-0.7740034052450824,0.5630550198340395,-0.5614757902384278
98,2025-08-01,3,2025-11-01,OLS-trend,137.46496842763605,137.10491664620244,0.35972162657881546,0.09745543688573342,0.3600517814336115,0.2619225723847956,0.262266189693082
98,2025-08-01,3,2025-11-01,Lasso,137.46496842763605,138.24606669132,0.35972162657881546,0.9263295993601521,-0.7810982636839583,0.5682162318286509,-0.5666079727813367
98,2025-08-01,3,2025-11-01,RandomForest,137.46496842763605,138.17852109479472,0.35972162657881546,0.8774586950671422,-0.713552667158666,0.5190796428504565,-0.5177370684883268
98,2025-08-01,3,2025-11-01,GradientBoosting,137.46496842763605,137.99731763373643,0.35972162657881546,0.7462354223185033,-0.5323492061003776,0.38726172361550826,-0.3865137957396878
98,2025-08-01,3,2025-11-01,SVR,137.46496842763605,138.03876856653685,0.35972162657881546,0.7762684036453762,-0.5738001389007934,0.4174155390017434,-0.41654677706656074
99,2025-09-01,1,2025-10-01,Naive-drift,137.58553042199196,138.058949917098,-0.018105672817084757,0.325394737583499,-0.4734194951060431,0.3440910491488505,-0.34350041040058377
99,2025-09-01,1,2025-10-01,OLS-trend,137.58553042199196,136.77526616820745,-0.018105672817084757,-0.6087633903468325,0.81026425378451,0.5889167642115625,0.5906577175297477
99,2025-09-01,1,2025-10-01,Lasso,137.58553042199196,138.0375222717263,-0.018105672817084757,0.309872883758353,-0.45199184973432693,0.32851699473630086,-0.32797855657543773
99,2025-09-01,1,2025-10-01,RandomForest,137.58553042199196,137.95945391799222,-0.018105672817084757,0.2533009916355503,-0.3739234960002591,0.2717753057704463,-0.27140666445263506
99,2025-09-01,1,2025-10-01,GradientBoosting,137.58553042199196,138.0742455665231,-0.018105672817084757,0.33647319514737106,-0.48871514453114173,0.3552082424890114,-0.3545788679644558
99,2025-09-01,1,2025-10-01,SVR,137.58553042199196,137.97984412168722,-0.018105672817084757,0.2680797519476784,-0.3943136996952603,0.286595326184266,-0.28618542476476316
99,2025-09-01,2,2025-11-01,Naive-drift,137.46496842763605,138.50891816436157,-0.10577103069234967,0.650789475166998,-1.0439497367255228,0.7594296559090806,-0.7565605058593476
99,2025-09-01,2,2025-11-01,OLS-trend,137.46496842763605,137.15688588530688,-0.10577103069234967,-0.3301396792428277,0.3080825423291742,0.22411713024278923,0.22436864855047806
99,2025-09-01,2,2025-11-01,Lasso,137.46496842763605,138.46223866460534,-0.10577103069234967,0.6170823550952788,-0.9972702369692854,0.7254722773200691,-0.7228533857876285
99,2025-09-01,2,2025-11-01,RandomForest,137.46496842763605,138.37914563241605,-0.10577103069234967,0.5570530102084845,-0.9141772047800032,0.6650255808709853,-0.6628240409008341
99,2025-09-01,2,2025-11-01,GradientBoosting,137.46496842763605,138.4032620438594,-0.10577103069234967,0.5744792705744218,-0.9382936162233477,0.6825692588852423,-0.6802503012667716
99,2025-09-01,2,2025-11-01,SVR,137.46496842763605,138.0283098195239,-0.10577103069234967,0.30319878567385583,-0.5633413918878603,0.40980723913264705,-0.4089698163662055
99,2025-09-01,3,2025-12-01,Naive-drift,138.10933818139782,138.96035296937936,0.36188572299378857,0.9761842127504972,-0.8510147879815406,0.6161891724249572,-0.6142984897567085
99,2025-09-01,3,2025-12-01,OLS-trend,138.10933818139782,137.5385056024063,0.36188572299378857,-0.052290123382078,0.5708325789915136,0.4133193211321898,0.4141758463758666
99,2025-09-01,3,2025-12-01,Lasso,138.10933818139782,138.88433398274066,0.36188572299378857,0.921463721695212,-0.7749958013428397,0.5611465607958617,-0.5595779987014233
99,2025-09-01,3,2025-12-01,RandomForest,138.10933818139782,138.66141432513044,0.36188572299378857,0.760827353165301,-0.55207614373262,0.39973846157129733,-0.39894163017151246
99,2025-09-01,3,2025-12-01,GradientBoosting,138.10933818139782,138.71402645481487,0.36188572299378857,0.798763033532307,-0.6046882734170538,0.4378330106997068,-0.43687731053851847
99,2025-09-01,3,2025-12-01,SVR,138.10933818139782,138.4530637940162,0.36188572299378857,0.6104558736325023,-0.3437256126183854,0.24887934237069745,-0.24857015063871374
100,2025-10-01,1,2025-11-01,Naive-drift,137.46496842763605,137.9741488028741,-0.08766535787526283,0.28205769408505466,-0.5091803752380599,0.37040737073758634,-0.3697230519603175
100,2025-10-01,1,2025-11-01,OLS-trend,137.46496842763605,137.18929645545825,-0.08766535787526283,-0.2884065077482604,0.27567197217780404,0.20053979958022725,0.20074114987299754
100,2025-10-01,1,2025-11-01,Lasso,137.46496842763605,138.0073291191332,-0.08766535787526283,0.3061030152919684,-0.5423606914971515,0.39454465941456174,-0.39376837316723123
100,2025-10-01,1,2025-11-01,RandomForest,137.46496842763605,137.85462157070356,-0.08766535787526283,0.19538998390355491,-0.3896531430675054,0.2834563216537787,-0.28305534177881775
100,2025-10-01,1,2025-11-01,GradientBoosting,137.46496842763605,137.8431956302888,-0.08766535787526283,0.18710124187629534,-0.378227202652738,0.2751444291436646,-0.27476659975155815
100,2025-10-01,1,2025-11-01,SVR,137.46496842763605,137.86153020199927,-0.08766535787526283,0.20040139237764115,-0.3965617743632208,0.28848206121109166,-0.28806675025290396
100,2025-10-01,2,2025-12-01,Naive-drift,138.10933818139782,138.36386485911135,0.3799913958108877,0.5641153881701093,-0.2545266777135282,0.18429360466503986,-0.1841239923592216
100,2025-10-01,2,2025-12-01,OLS-trend,138.10933818139782,137.5713975176589,0.3799913958108877,-0.010272613850795028,0.5379406637389081,0.3895034693688542,0.39026400966168273
100,2025-10-01,2,2025-12-01,Lasso,138.10933818139782,138.43443979600022,0.3799913958108877,0.6151091531110793,-0.32510161460240283,0.23539437584980863,-0.23511775730019158
100,2025-10-01,2,2025-12-01,RandomForest,138.10933818139782,138.18359295636367,0.3799913958108877,0.43374215696704993,-0.07425477496585131,0.053765209466373955,-0.05375076115616223
100,2025-10-01,2,2025-12-01,GradientBoosting,138.10933818139782,138.21829796994865,0.3799913958108877,0.4588541514263125,-0.10895978855083399,0.07889386046273153,-0.07886275561542477
100,2025-10-01,2,2025-12-01,SVR,138.10933818139782,137.90929515554106,0.3799913958108877,0.2350424418487077,0.2000430258567576,0.14484395370428452,0.14494895396218
100,2025-10-01,3,2026-01-01,Naive-drift,138.57677305941496,138.75468169115194,0.7178727015417131,0.8461730822551639,-0.17790863173698312,0.12838272086239486,-0.12830038071345073
100,2025-10-01,3,2026-01-01,OLS-trend,138.57677305941496,137.9534985798596,0.7178727015417131,0.267089840556087,0.6232744795553629,0.4497683600181202,0.45078286098562614
100,2025-10-01,3,2026-01-01,Lasso,138.57677305941496,138.85438599469038,0.7178727015417131,0.9180038107371854,-0.277612935275414,0.20033150516240344,-0.20013110919547228
100,2025-10-01,3,2026-01-01,RandomForest,138.57677305941496,138.68254304218178,0.7178727015417131,0.7941694979018098,-0.10576998276681593,0.0763259097695015,-0.07629679636009667
100,2025-10-01,3,2026-01-01,GradientBoosting,138.57677305941496,138.65834921688236,0.7178727015417131,0.7767225032204838,-0.08157615746739566,0.05886712157196775,-0.05884980167877063
100,2025-10-01,3,2026-01-01,SVR,138.57677305941496,138.51270895004345,0.7178727015417131,0.6716319636772063,0.06406410937151463,0.04623004848297851,0.046240737864506776
101,2025-11-01,1,2025-12-01,Naive-drift,138.10933818139782,137.8170691567544,0.46765675368614845,0.25581103962917984,0.2922690246434172,0.21162147939594095,0.21184571405696861
101,2025-11-01,1,2025-12-01,OLS-trend,138.10933818139782,137.58231521952735,0.46765675368614845,0.08532845513340337,0.5270229618704718,0.3815983544706157,0.3823282985527451
101,2025-11-01,1,2025-12-01,Lasso,138.10933818139782,137.88022773278126,0.46765675368614845,0.3016283746877952,0.22911044861655228,0.16589062813090183,0.16602837899835327
101,2025-11-01,1,2025-12-01,RandomForest,138.10933818139782,137.8355721288102,0.46765675368614845,0.2692358862022445,0.2737660525876038,0.19822414341601544,0.19842086748390397
101,2025-11-01,1,2025-12-01,GradientBoosting,138.10933818139782,137.89344621601725,0.46765675368614845,0.3112148468530576,0.215891965380564,0.15631960026989894,0.15644190683309084
101,2025-11-01,1,2025-12-01,SVR,138.10933818139782,137.98552460954332,0.46765675368614845,0.3779675947480072,0.12381357185449815,0.08964895023381902,0.08968915893814128
101,2025-11-01,2,2026-01-01,Naive-drift,138.57677305941496,138.1700717514525,0.8055380594169668,0.5116220792583597,0.4067013079624644,0.29348447000428474,0.2939159801586071
101,2025-11-01,2,2026-01-01,OLS-trend,138.57677305941496,137.96457683616725,0.8055380594169668,0.36278530395953934,0.6121962232477074,0.441774050392433,0.4427527554574274
101,2025-11-01,2,2026-01-01,Lasso,138.57677305941496,138.30167380570575,0.8055380594169668,0.6068231739869016,0.2750992537092145,0.19851757811625861,0.1987148854300652
101,2025-11-01,2,2026-01-01,RandomForest,138.57677305941496,138.45104197211896,0.8055380594169668,0.7147665995802386,0.12573108729600335,0.09073027500943177,0.09077145983672819
101,2025-11-01,2,2026-01-01,GradientBoosting,138.57677305941496,138.3646946678609,0.8055380594169668,0.652380473627515,0.2120783915540585,0.15304035941371621,0.15315758578945182
101,2025-11-01,2,2026-01-01,SVR,138.57677305941496,138.1704764675514,0.8055380594169668,0.5119149903794409,0.4062965918635655,0.29319241810412583,0.2936230690375259
101,2025-11-01,3,2026-02-01,Naive-drift,139.06047410492033,138.52397852175545,1.1539794445954865,0.7674331188875394,0.5364955831648786,0.3858001970855469,0.3865463257079471
101,2025-11-01,3,2026-02-01,OLS-trend,139.06047410492033,138.34683845280716,1.1539794445954865,0.6394744592831435,0.7136356521131688,0.5131836754524042,0.514504985312343
101,2025-11-01,3,2026-02-01,Lasso,139.06047410492033,138.72370638660738,1.1539794445954865,0.9115121574330187,0.3367677183129558,0.24217357267088455,0.2424672871624678
101,2025-11-01,3,2026-02-01,RandomForest,139.06047410492033,139.07911135429694,1.1539794445954865,1.1673808087872992,-0.018637249376610043,0.013402262214745754,-0.013401364191812704
101,2025-11-01,3,2026-02-01,GradientBoosting,139.06047410492033,138.89401334153808,1.1539794445954865,1.0342038764352743,0.16646076338224702,0.11970386585670155,0.11977556816021218
101,2025-11-01,3,2026-02-01,SVR,139.06047410492033,139.05271738843473,1.1539794445954865,1.1484013442213303,0.007756716485602055,0.005577944801014886,0.005578100374156181
102,2025-12-01,1,2026-01-01,Naive-drift,138.57677305941496,138.46498253215032,0.3378813057308179,0.2571782845610807,0.11179052726464533,0.080670465040137,0.08070302116973721
102,2025-12-01,1,2026-01-01,OLS-trend,138.57677305941496,137.98524440329945,0.3378813057308179,-0.08989222844790078,0.5915286561155142,0.4268598864413559,0.4277735341787187
102,2025-12-01,1,2026-01-01,Lasso,138.57677305941496,138.52912824206987,0.3378813057308179,0.30349386209227147,0.04764481734508763,0.034381531834819,0.034387443638546455
102,2025-12-01,1,2026-01-01,RandomForest,138.57677305941496,138.56567979520543,0.3378813057308179,0.3298758456497857,0.011093264209534937,0.00800513965264488,0.0080054600810322
102,2025-12-01,1,2026-01-01,GradientBoosting,138.57677305941496,138.365386781277,0.3378813057308179,0.1852239282399855,0.21138627813795097,0.15254091538653367,0.1526573774908324
102,2025-12-01,1,2026-01-01,SVR,138.57677305941496,138.30562891474554,0.3378813057308179,0.14202614887707077,0.27114414466942094,0.19566348579438167,0.19585515685374716
102,2025-12-01,2,2026-02-01,Naive-drift,139.06047410492033,138.82154270007993,0.6863226909093266,0.5143565691221614,0.23893140484040032,0.17181834477288488,0.1719661217871652
102,2025-12-01,2,2026-02-01,OLS-trend,139.06047410492033,138.3678070039267,0.6863226909093266,0.18697306618521842,0.6926671009936172,0.4981049471117176,0.4993496247241082
102,2025-12-01,2,2026-02-01,Lasso,139.06047410492033,138.9463840572693,0.6863226909093266,0.6042455401439923,0.11409004765101827,0.08204347668550158,0.08207715076533428
102,2025-12-01,2,2026-02-01,RandomForest,139.06047410492033,139.04171027346098,0.6863226909093266,0.6728284916244398,0.018763831459352787,0.013493288858770599,0.01349419928488682
102,2025-12-01,2,2026-02-01,GradientBoosting,139.06047410492033,138.94845536397722,0.6863226909093266,0.6057362527547434,0.11201874094311393,0.08055397600514179,0.08058643815458322
102,2025-12-01,2,2026-02-01,SVR,139.06047410492033,138.81658455132407,0.6863226909093266,0.5107849063930834,0.24388955359626152,0.1753838070566682,0.17553778451624324
102,2025-12-01,3,2026-03-01,Naive-drift,139.2342382072317,139.17902104350074,0.8112004677445322,0.7715348536832423,0.05521716373095842,0.03965774829663304,0.03966561406128999
102,2025-12-01,3,2026-03-01,OLS-trend,139.2342382072317,138.750369604554,0.8112004677445322,0.4630739328533942,0.4838686026776884,0.34752127702779123,0.34812653489113804
102,2025-12-01,3,2026-03-01,Lasso,139.2342382072317,139.36517176353516,0.8112004677445322,0.9051946122095794,-0.13093355630346082,0.09403833280473986,-0.09399414446504717
102,2025-12-01,3,2026-03-01,RandomForest,139.2342382072317,139.4482314541703,0.8112004677445322,0.9647754588501468,-0.21399324693859967,0.15369297788673147,-0.15357499110561457
102,2025-12-01,3,2026-03-01,GradientBoosting,139.2342382072317,139.22808943743325,0.8112004677445322,0.806784236758146,0.006148769798443254,0.004416133472351553,0.004416230986386216
102,2025-12-01,3,2026-03-01,SVR,139.2342382072317,139.23960820064718,0.8112004677445322,0.8150571986264076,-0.005369993415484942,0.003856805254676237,-0.0038567308818753254
103,2026-01-01,1,2026-02-01,Naive-drift,139.06047410492033,138.93697640716294,0.34844138517851336,0.259593299950415,0.1234976977573865,0.08880862700367913,0.08884808522809834
103,2026-01-01,1,2026-02-01,OLS-trend,139.06047410492033,138.39077899057196,0.34844138517851336,-0.13430749950681822,0.6696951143483716,0.48158552504508967,0.4827488846853316
103,2026-01-01,1,2026-02-01,Lasso,139.06047410492033,138.9985149994417,0.34844138517851336,0.3038759447993665,0.06195910547862127,0.044555511461778476,0.04456544037914684
103,2026-01-01,1,2026-02-01,RandomForest,139.06047410492033,138.85151798618975,0.34844138517851336,0.19806560863561945,0.20895611873058328,0.15026276882453823,0.1503757765428939
103,2026-01-01,1,2026-02-01,GradientBoosting,139.06047410492033,138.92926822312984,0.34844138517851336,0.2540451744158861,0.13120588179049264,0.09435167155513835,0.09439621076262728
103,2026-01-01,1,2026-02-01,SVR,139.06047410492033,139.2582166565229,0.34844138517851336,0.49053934082407064,-0.19774255160257326,0.14219896262785472,-0.14209795564555727
103,2026-01-01,2,2026-03-01,Naive-drift,139.2342382072317,139.29811603340025,0.4733191620137091,0.51918659990083,-0.0638778261685502,0.0458779586048918,-0.04586743788712094
103,2026-01-01,2,2026-03-01,OLS-trend,139.2342382072317,138.77367291792973,0.4733191620137091,0.14198635296965764,0.46056528930196805,0.33078450762698014,0.3313328090440515
103,2026-01-01,2,2026-03-01,Lasso,139.2342382072317,139.41980518139835,0.4733191620137091,0.6065072538436892,-0.18556697416664747,0.13327682655932346,-0.1331880918299801
103,2026-01-01,2,2026-03-01,RandomForest,139.2342382072317,139.2664048770162,0.4733191620137091,0.4964190511711134,-0.03216666978451599,0.02310255738724276,-0.023099889157404296
103,2026-01-01,2,2026-03-01,GradientBoosting,139.2342382072317,139.23613442087498,0.4733191620137091,0.4746810402095205,-0.0018962136432776333,0.0013618874694135007,-0.0013618781958114057
103,2026-01-01,2,2026-03-01,SVR,139.2342382072317,139.5001248362991,0.4733191620137091,0.6641005976508871,-0.2658866290674098,0.1909635392062639,-0.19078143563717803
103,2026-01-01,3,2026-04-01,Naive-drift,140.12864045761992,139.66019437180046,1.1136370958692683,0.7787798998512452,0.46844608581946545,0.3342971745744874,0.3348571960180231
103,2026-01-01,3,2026-04-01,OLS-trend,140.12864045761992,139.15656684528744,1.1136370958692683,0.41751892540391633,0.9720736123324798,0.6937008802468692,0.696118170465352
103,2026-01-01,3,2026-04-01,Lasso,140.12864045761992,139.8338804282039,1.1136370958692683,0.9030659541338082,0.2947600294160111,0.21034959623772087,0.2105711417354601
103,2026-01-01,3,2026-04-01,RandomForest,140.12864045761992,139.80687658244537,1.1136370958692683,0.8837527137240998,0.32176387517455396,0.22962035036075815,0.2298843821451685
103,2026-01-01,3,2026-04-01,GradientBoosting,140.12864045761992,139.65462884023808,1.1136370958692683,0.7747947683074757,0.4740116173818478,0.33826890479623717,0.33884232756179256
103,2026-01-01,3,2026-04-01,SVR,140.12864045761992,140.15135493672736,1.1136370958692683,1.1298455156854537,-0.02271447910743518,0.016209733451531545,-0.01620841981618537
104,2026-02-01,1,2026-03-01,Naive-drift,139.2342382072317,139.38830831386872,0.12487777683520698,0.2354719295801703,-0.1540701066370218,0.11065533062902883,-0.11059415274496331
104,2026-02-01,1,2026-03-01,OLS-trend,139.2342382072317,138.79943042232776,0.12487777683520698,-0.18789595414113236,0.43480778490393845,0.3122851035079351,0.3127737309763393
104,2026-02-01,1,2026-03-01,Lasso,139.2342382072317,139.4843712268926,0.12487777683520698,0.30436567491342303,-0.2501330196608933,0.17964907402201136,-0.17948789807821605
104,2026-02-01,1,2026-03-01,RandomForest,139.2342382072317,139.26873667791634,0.12487777683520698,0.1496519975596514,-0.03449847068463896,0.024777289787941786,-0.024774220724444407
104,2026-02-01,1,2026-03-01,GradientBoosting,139.2342382072317,139.09328829640987,0.12487777683520698,0.023594282067914498,0.14094991082183128,0.1012322203480196,0.10128349476729248
104,2026-02-01,1,2026-03-01,SVR,139.2342382072317,139.62289102494617,0.12487777683520698,0.40362486889419574,-0.3886528177144726,0.27913595299456045,-0.27874709205898873
104,2026-02-01,2,2026-04-01,Naive-drift,140.12864045761992,139.71691538994023,0.7651957106907705,0.4709438591603406,0.4117250676796971,0.2938193550833871,0.29425185153042993
104,2026-02-01,2,2026-04-01,OLS-trend,140.12864045761992,139.18269231403409,0.7651957106907705,0.08784993252268114,0.9459481435858379,0.6750569623002426,0.6773457781680894
104,2026-02-01,2,2026-04-01,Lasso,140.12864045761992,139.90768957266135,0.7651957106907705,0.6073940920333075,0.22095088495856885,0.1576771773685998,0.157801618657463
104,2026-02-01,2,2026-04-01,RandomForest,140.12864045761992,139.5076746477271,0.7651957106907705,0.32107111238612496,0.620965809892823,0.4431398234257657,0.44412459830464557
104,2026-02-01,2,2026-04-01,GradientBoosting,140.12864045761992,139.42830421868484,0.7651957106907705,0.2641616871431451,0.7003362389350798,0.49978094174608606,0.5010340235476254
104,2026-02-01,2,2026-04-01,SVR,140.12864045761992,140.1013971204678,0.7651957106907705,0.7457521581912467,0.027243337152128788,0.019441662363354036,0.019443552499523786
104,2026-02-01,3,2026-05-01,Naive-drift,141.09013761842616,140.0462971551643,1.4490055999044218,0.7064157887405109,1.0438404632618585,0.7398394252650686,0.7425898111639109
104,2026-02-01,3,2026-05-01,OLS-trend,141.09013761842616,139.56595420574033,1.4490055999044218,0.36283755165870707,1.5241834126858294,1.0802905422120541,1.0861680482457148
104,2026-02-01,3,2026-05-01,Lasso,141.09013761842616,140.32592548294707,1.4490055999044218,0.9058852068356252,0.7642121354790845,0.5416481607990717,0.5431203930687966
104,2026-02-01,3,2026-05-01,RandomForest,141.09013761842616,139.91855356869692,1.4490055999044218,0.6151589077411183,1.1715840497292334,0.8303798334209196,0.8338466921633035
104,2026-02-01,3,2026-05-01,GradientBoosting,141.09013761842616,139.8823484088441,1.4490055999044218,0.5892796773319485,1.207789209582046,0.8560408473400699,0.8597259225724733
104,2026-02-01,3,2026-05-01,SVR,141.09013761842616,140.61608415056006,1.4490055999044218,1.112446533254019,0.47405346786609925,0.335993341468106,0.3365590666504028
105,2026-03-01,1,2026-04-01,Naive-drift,140.12864045761992,139.55595435864552,0.6403179338555524,0.2307945564782088,0.5726860989744011,0.4086859739052435,0.40952337737734357
105,2026-03-01,1,2026-04-01,OLS-trend,140.12864045761992,139.1992564201256,0.6403179338555524,-0.02512757119036659,0.9293840374943159,0.6632363194698916,0.6654455050459189
105,2026-03-01,1,2026-04-01,Lasso,140.12864045761992,139.6559403614583,0.6403179338555524,0.30241471949952964,0.472700096161617,0.33733296392365913,0.3379032143560227
105,2026-03-01,1,2026-04-01,RandomForest,140.12864045761992,139.46780063661834,0.6403179338555524,0.16760730207277746,0.6608398210015878,0.4715951134924842,0.4727106317827749
105,2026-03-01,1,2026-04-01,GradientBoosting,140.12864045761992,139.43834149690343,0.6403179338555524,0.14648253257210445,0.6902989607164898,0.4926180390119903,0.49383540128344794
105,2026-03-01,1,2026-04-01,SVR,140.12864045761992,139.90753658631158,0.6403179338555524,0.4824069670744311,0.22110387130834397,0.15778635301554497,0.15791096678112126
105,2026-03-01,2,2026-05-01,Naive-drift,141.09013761842616,139.8784138709123,1.3241278230692244,0.4615891129564176,1.2117237475138438,0.8588295170502368,0.8625387101128068
105,2026-03-01,2,2026-05-01,OLS-trend,141.09013761842616,139.5827527095596,1.3241278230692244,0.24999529812946936,1.5073849088665554,1.0683843210524258,1.074132524939755
105,2026-03-01,2,2026-05-01,Lasso,141.09013761842616,140.08044842795942,1.3241278230692244,0.6059207411539717,1.0096891904667302,0.7156341382254534,0.7182070819152527
105,2026-03-01,2,2026-05-01,RandomForest,141.09013761842616,139.96703680606296,1.3241278230692244,0.5249261712497681,1.123100812363191,0.7960165262582576,0.7992016518194562
105,2026-03-01,2,2026-05-01,GradientBoosting,141.09013761842616,140.05075669919708,1.3241278230692244,0.5847222967607147,1.0393809192290746,0.7366786486806381,0.7394055263085096
105,2026-03-01,2,2026-05-01,SVR,141.09013761842616,140.19658956845615,1.3241278230692244,0.6887967041472455,0.8935480499700077,0.6333171581323284,0.6353311189219789
105,2026-03-01,3,2026-06-01,Naive-drift,141.96890594098193,140.20161846164987,1.9450379588218876,0.6923836694346264,1.7672874793320545,1.2448412330984193,1.2526542893872612
105,2026-03-01,3,2026-06-01,OLS-trend,141.96890594098193,139.9662489989936,1.9450379588218876,0.5243633178062324,2.0026569419883344,1.4106306791015644,1.4206746410156552
105,2026-03-01,3,2026-06-01,Lasso,141.96890594098193,140.4997927003416,1.9450379588218876,0.9048331541790579,1.4691132406403256,1.0348133845949707,1.0402048046428298
105,2026-03-01,3,2026-06-01,RandomForest,141.96890594098193,140.37987578075925,1.9450379588218876,0.8194464634892753,1.589030160222677,1.1192804154476297,1.1255914953326123
105,2026-03-01,3,2026-06-01,GradientBoosting,141.96890594098193,140.15788559119343,1.9450379588218876,0.6611859606507847,1.8110203497884925,1.2756457745341463,1.283851998171103
105,2026-03-01,3,2026-06-01,SVR,141.96890594098193,140.5651422098041,1.9450379588218876,0.9513345156249204,1.4037637311778326,0.988782523802355,0.9937034431969671
48,2021-06-01,1,2021-07-01,SARIMA,113.1005,112.6841,-0.037644784705716264,-0.406492325315856,0.4163999999999959,0.36816813365104123,0.36884754061013975
48,2021-06-01,2,2021-08-01,SARIMA,113.0638,113.0063,-0.07009906712086827,-0.12096824552167149,0.05750000000000455,0.050856242227843525,0.05086917840080321
48,2021-06-01,3,2021-09-01,SARIMA,113.7352,113.4133,0.52196876500741,0.2385416541194545,0.3218999999999994,0.28302583544935905,0.28342711088795547
49,2021-07-01,1,2021-08-01,SARIMA,113.0638,113.1031,-0.0324378124974418,0.0023152839066283627,-0.039299999999997226,0.03475913599224263,-0.03475309640407016
49,2021-07-01,2,2021-09-01,SARIMA,113.7352,113.491,0.5596300196308573,0.34468993436300155,0.2442000000000064,0.2147092544788301,0.2149400852678558
49,2021-07-01,3,2021-10-01,SARIMA,113.9282,114.0414,0.7291786130668761,0.8284901083749149,-0.11319999999999197,0.09936082550237077,-0.09931149530803873
50,2021-08-01,1,2021-09-01,SARIMA,113.7352,113.4858,0.5920750705262652,0.37255301917120187,0.2494000000000085,0.2192812779157275,0.2195220513550633
50,2021-08-01,2,2021-10-01,SARIMA,113.9282,114.0355,0.7616236639622934,0.8557614656596947,-0.10729999999999507,0.09418212523325661,-0.09413780169740127
50,2021-08-01,3,2021-11-01,SARIMA,114.1337,113.6149,0.9418379440478016,0.4862470887241285,0.5187999999999988,0.454554614456553,0.45559085532367316
51,2021-09-01,1,2021-10-01,SARIMA,113.9282,114.0629,0.169540807123658,0.28770332809292026,-0.13469999999999516,0.11823236038135873,-0.11816252096926227
51,2021-09-01,2,2021-11-01,SARIMA,114.1337,113.6315,0.34975508720918613,-0.09122607570173615,0.502200000000002,0.4400102686586012,0.44098116291092226
51,2021-09-01,3,2021-12-01,SARIMA,114.6521,114.0736,0.8029308412905972,0.2970836771452104,0.5785000000000053,0.5045699119335846,0.5058471641453868
52,2021-10-01,1,2021-11-01,SARIMA,114.1337,113.3219,0.1802244518254003,-0.5335882192695998,0.8118000000000052,0.7112710794445507,0.7138126710950001
52,2021-10-01,2,2021-12-01,SARIMA,114.6521,113.5143,0.6334002059068147,-0.3639503518223894,1.1377999999999986,0.99239351045467,0.9973505577292041
52,2021-10-01,3,2022-01-01,SARIMA,114.2987,113.2799,0.32468734648972947,-0.5706576516226929,1.0187999999999988,0.8913487205016319,0.8953449981124224
53,2021-11-01,1,2021-12-01,SARIMA,114.6521,114.2728,0.45314535795307803,0.12177000552102502,0.37930000000000064,0.33082691027900984,0.331375352432053
53,2021-11-01,2,2022-01-01,SARIMA,114.2987,114.5421,0.14443249853597404,0.35715688316098043,-0.24340000000000828,0.21295080346496356,-0.2127243846250064
53,2021-11-01,3,2022-02-01,SARIMA,115.4186,114.8135,1.1194647423247974,0.5938200618012272,0.6050999999999931,0.5242655863093064,0.5256446805235703
54,2021-12-01,1,2022-01-01,SARIMA,114.2987,114.2954,-0.3086992824715684,-0.3115864960962587,0.003299999999995862,0.002887171945084119,0.002887213624690299
54,2021-12-01,2,2022-02-01,SARIMA,115.4186,114.855,0.6663329613172525,0.1768273250698157,0.5635999999999939,0.4883095099056772,0.4895056362474368
54,2021-12-01,3,2022-03-01,SARIMA,116.3767,114.6734,1.4930153456480477,0.01858979290167226,1.7032999999999987,1.4636091245068805,1.4744255527463754
55,2022-01-01,1,2022-02-01,SARIMA,115.4186,114.8616,0.9750129000929135,0.4912534746128399,0.5570000000000022,0.4825911941402878,0.4837594254800736
55,2022-01-01,2,2022-03-01,SARIMA,116.3767,114.6761,1.801695284423694,0.3296242168627065,1.7005999999999943,1.4612890724689687,1.4720710675609876
55,2022-01-01,3,2022-04-01,SARIMA,117.9775,115.4537,3.1678537723466773,1.0054193198066892,2.5238000000000085,2.1392214617194028,2.162434452539988
56,2022-02-01,1,2022-03-01,SARIMA,116.3767,115.551,0.8266875297641381,0.11465228038285968,0.8256999999999977,0.7095062843335459,0.7120352493812784
56,2022-02-01,2,2022-04-01,SARIMA,117.9775,115.8989,2.192846017687121,0.41527912188634375,2.0786000000000087,1.7618613718717626,1.7775668958007773
56,2022-02-01,3,2022-05-01,SARIMA,119.7245,116.0809,3.662780184140494,0.5721893678143101,3.6436000000000064,3.0433202894979776,3.090590816326184
57,2022-03-01,1,2022-04-01,SARIMA,117.9775,116.481,1.366149958264173,0.08957408407919062,1.4965000000000117,1.268462206776726,1.2765758741849824
57,2022-03-01,2,2022-05-01,SARIMA,119.7245,116.6446,2.8360841247175643,0.22992763328741017,3.079900000000009,2.57248934011001,2.6061564914301543
57,2022-03-01,3,2022-06-01,SARIMA,120.8825,117.1249,3.7986570682824397,0.6408458033967763,3.7575999999999965,3.108473104047316,3.1578112648856633
58,2022-04-01,1,2022-05-01,SARIMA,119.7245,118.1793,1.469911372764669,0.1708806476842246,1.5452000000000083,1.290629737438877,1.2990307250804445
58,2022-04-01,2,2022-06-01,SARIMA,120.8825,118.599,2.432484316329545,0.5253898569778496,2.2834999999999894,1.889024465906967,1.9070944593516952
58,2022-04-01,3,2022-07-01,SARIMA,122.0363,118.4741,3.3824385205227543,0.4200215030348381,3.56219999999999,2.9189675530968984,2.9624170174879163
59,2022-05-01,1,2022-06-01,SARIMA,120.8825,120.2563,0.9626101912322488,0.44324009598399355,0.6261999999999972,0.5180237007010918,0.5193700952482552
59,2022-05-01,2,2022-07-01,SARIMA,122.0363,120.1238,1.9125643954254448,0.3329980140318903,1.9124999999999943,1.5671566574863336,1.5795663813935545
59,2022-05-01,3,2022-08-01,SARIMA,123.2435,120.2487,2.8969175689301787,0.4369200610553981,2.994799999999998,2.4299861655989954,2.4599975078747804
60,2022-06-01,1,2022-07-01,SARIMA,122.0363,120.8188,0.9499466145662341,-0.05271727838315225,1.2175000000000011,0.997653976726598,1.0026638929493863
60,2022-06-01,2,2022-08-01,SARIMA,123.2435,120.9721,1.9342997880709807,0.07408651823714453,2.2714,1.8430180902035402,1.860213269833836
60,2022-06-01,3,2022-09-01,SARIMA,125.102,121.426,3.4310329240642488,0.44859484195751725,3.676000000000002,2.938402263752779,2.9824380821067313
61,2022-07-01,1,2022-08-01,SARIMA,123.2435,122.2532,0.9843704711342364,0.17759353974920078,0.9902999999999906,0.803531220713458,0.8067769313850356
61,2022-07-01,2,2022-09-01,SARIMA,125.102,122.8084,2.4811036071275145,0.630704879836828,2.293599999999998,1.8333839586897074,1.8503987272906866
61,2022-07-01,3,2022-10-01,SARIMA,126.1308,123.1008,3.3001095257291677,0.8685163466741315,3.029999999999987,2.402268121664167,2.431593179055036
62,2022-08-01,1,2022-09-01,SARIMA,125.102,123.9437,1.4967082023923985,0.5665107711737878,1.158299999999997,0.9258844782657326,0.9301974312186108
62,2022-08-01,2,2022-10-01,SARIMA,126.1308,124.2667,2.3157141209940364,0.8267739852254423,1.8640999999999934,1.4779102328693654,1.488940135768594
62,2022-08-01,3,2022-11-01,SARIMA,126.2137,124.0943,2.38141795284481,0.687943792328776,2.119399999999999,1.6792154892852351,1.693474160516034
63,2022-09-01,1,2022-10-01,SARIMA,126.1308,125.6965,0.8189850529926561,0.4740657923965196,0.43429999999999325,0.34432509743852674,0.34491926059613653
63,2022-09-01,2,2022-11-01,SARIMA,126.2137,125.5973,0.8846888848434401,0.3951143776358901,0.6163999999999987,0.4883780445387456,0.48957450720755
63,2022-09-01,3,2022-12-01,SARIMA,126.384,125.9926,1.019527821067015,0.7093561856671379,0.3914000000000044,0.30969110013926165,0.310171635399877
64,2022-10-01,1,2022-11-01,SARIMA,126.2137,126.1413,0.0656771182447178,0.00829763142146584,0.0724000000000018,0.05736302794387756,0.05737948682325195
64,2022-10-01,2,2022-12-01,SARIMA,126.384,126.5374,0.20051605446830345,0.3218185767616239,-0.15340000000000487,0.12137612355994813,-0.12130252229332045
64,2022-10-01,3,2023-01-01,SARIMA,126.1916,126.2591,0.04816560001868996,0.10164138884285845,-0.06750000000000966,0.05349008967317132,-0.05347578882416849
65,2022-11-01,1,2022-12-01,SARIMA,126.384,126.6303,0.13487408649009108,0.32956670093950524,-0.24630000000000507,0.19488226357767208,-0.19469261444941416
65,2022-11-01,2,2023-01-01,SARIMA,126.1916,126.351,-0.01747636795953621,0.10875977688712002,-0.1594000000000051,0.12631585620596386,-0.12623614484665624
65,2022-11-01,3,2023-02-01,SARIMA,126.0431,127.2566,-0.13522386039993453,0.8229369933169374,-1.2135000000000105,0.9627659110256812,-0.9581608537168719
66,2022-12-01,1,2023-01-01,SARIMA,126.1916,126.0543,-0.1523416372874618,-0.2612036751318522,0.1372999999999962,0.10880280462407657,0.10886203784439041
66,2022-12-01,2,2023-02-01,SARIMA,126.0431,126.9358,-0.2700891297278626,0.4356643582954172,-0.8927000000000049,0.7082497970932204,-0.7057534880232799
66,2022-12-01,3,2023-03-01,SARIMA,126.8668,127.6355,0.3812913915094583,0.9853742132285616,-0.7686999999999955,0.6059110815437888,-0.6040828217191032
67,2023-01-01,1,2023-02-01,SARIMA,126.0431,127.0963,-0.11775326578913738,0.714362222435174,-1.053200000000004,0.8355871920001999,-0.8321154882243114
67,2023-01-01,2,2023-03-01,SARIMA,126.8668,127.7819,0.5336272554481875,1.2523459759216524,-0.9150999999999954,0.7213077022514917,-0.718718720473465
67,2023-01-01,3,2023-04-01,SARIMA,127.4671,128.8516,1.005684747389341,2.0859909949997557,-1.3844999999999885,1.0861626254931576,-1.0803062476104146
68,2023-02-01,1,2023-03-01,SARIMA,126.8668,126.3342,0.6513860709597895,0.2306920093158765,0.5326000000000022,0.41981038380411756,0.420694061643913
68,2023-02-01,2,2023-04-01,SARIMA,127.4671,127.202,1.123443562900963,0.9152517596914341,0.2651000000000039,0.2079752343938192,0.2081918032095288
68,2023-02-01,3,2023-05-01,SARIMA,127.1284,127.9764,0.8573742884535804,1.522201546451886,-0.847999999999999,0.6670421400725558,-0.6648272579983057
69,2023-03-01,1,2023-04-01,SARIMA,127.4671,127.9098,0.4720595108553742,0.8187631034279214,-0.4427000000000021,0.34730530466293036,-0.3467035925725472
69,2023-03-01,2,2023-05-01,SARIMA,127.1284,128.756,0.205990236408006,1.4781443423362097,-1.627600000000001,1.2802804094128464,-1.2721541059282038
69,2023-03-01,3,2023-06-01,SARIMA,126.7942,129.47,-0.05723973443561547,2.031149709416164,-2.6757999999999953,2.1103488960851484,-2.0883894438517796
70,2023-04-01,1,2023-05-01,SARIMA,127.1284,128.1136,-0.2660778098604594,0.5058992885273182,-0.9851999999999919,0.7749645240559874,-0.7719770983877776
70,2023-04-01,2,2023-06-01,SARIMA,126.7942,128.7525,-0.5293077807040771,1.0033579391978023,-1.9582999999999942,1.5444712770773381,-1.5326657199018794
70,2023-04-01,3,2023-07-01,SARIMA,126.7607,129.0853,-0.5557320384840936,1.261504870962224,-2.3245999999999896,1.8338491346292576,-1.8172369094463177
71,2023-05-01,1,2023-06-01,SARIMA,126.7942,127.3536,-0.2632350402516208,0.17698195426003624,-0.5593999999999966,0.4411873729239954,-0.4402169945116571
71,2023-05-01,2,2023-07-01,SARIMA,126.7607,127.4621,-0.2896592980316411,0.26214154729702194,-0.7014000000000067,0.5533260703041295,-0.551800845328663
71,2023-05-01,3,2023-08-01,SARIMA,127.5129,127.7502,0.30198859165209,0.4879144605763828,-0.23730000000000473,0.18609881823721736,-0.1859258689242928
72,2023-06-01,1,2023-07-01,SARIMA,126.7607,126.6767,-0.0264286853455277,-0.09271724660438194,0.08400000000000318,0.06626659524600541,0.06628856125885424
72,2023-06-01,2,2023-08-01,SARIMA,127.5129,126.9244,0.5652192043382005,0.10262897134884774,0.5884999999999962,0.4615219322907692,0.46259023298935276
72,2023-06-01,3,2023-09-01,SARIMA,128.4567,127.559,1.302653866158074,0.601365875533216,0.8977000000000146,0.6988347046125383,0.701287990624858
73,2023-07-01,1,2023-08-01,SARIMA,127.5129,127.0377,0.5916575077799858,0.21829319276561485,0.47520000000000095,0.37266817710208217,0.37336431501437095
73,2023-07-01,2,2023-09-01,SARIMA,128.4567,127.6725,1.3290921695998488,0.7167430501422715,0.7842000000000127,0.61047808327632,0.6123491194575773
73,2023-07-01,3,2023-10-01,SARIMA,129.2027,127.8986,1.908152808968671,0.8936801600010215,1.3040999999999912,1.0093442319703776,1.0144726489676494
74,2023-08-01,1,2023-09-01,SARIMA,128.4567,128.31,0.7374666341502185,0.6231994679155249,0.14670000000000982,0.1142019061676112,0.11426716623469357
74,2023-08-01,2,2023-10-01,SARIMA,129.2027,128.5551,1.3165272735190454,0.8140389976043086,0.6475999999999829,0.5012279155156842,0.5024882759147368
74,2023-08-01,3,2023-11-01,SARIMA,129.5032,128.4896,1.5488375031233539,0.7630750980041827,1.0135999999999967,0.7826833622644049,0.7857624051191712
75,2023-09-01,1,2023-10-01,SARIMA,129.2027,128.7523,0.5790991847567839,0.22989063465604317,0.4504000000000019,0.34859952617089424,0.3492085501007407
75,2023-09-01,2,2023-11-01,SARIMA,129.5032,128.6896,0.8114094143611097,0.18118061407298225,0.8135999999999797,0.6282470240117463,0.6302288002881274
75,2023-09-01,3,2023-12-01,SARIMA,129.6724,128.9504,0.9419772795750058,0.3836337184659169,0.7220000000000084,0.556787720440131,0.5583435611090889
76,2023-10-01,1,2023-11-01,SARIMA,129.5032,129.2746,0.2322984704712832,0.05562175441298531,0.22860000000000014,0.17652073462277393,0.1766767160582979
76,2023-10-01,2,2023-12-01,SARIMA,129.6724,129.5563,0.36286633568516635,0.27329291440685094,0.11610000000001719,0.08953331626469255,0.08957342127831541
76,2023-10-01,3,2024-01-01,SARIMA,129.7083,129.4361,0.39054765525076,0.18047165121137887,0.272199999999998,0.20985549883854618,0.21007600403938115
77,2023-11-01,1,2023-12-01,SARIMA,129.6724,129.8473,0.1305923536150157,0.26537982946317523,-0.17489999999997963,0.13487835499302828,-0.13478747584815953
77,2023-11-01,2,2024-01-01,SARIMA,129.7083,129.7317,0.15827367318061036,0.17631252614348178,-0.02339999999998099,0.01804048006178555,-0.018038852962871416
77,2023-11-01,3,2024-02-01,SARIMA,130.3679,130.2599,0.6655107169651323,0.5826339047588275,0.10800000000000409,0.08284247886174749,0.08287681220630483
78,2023-12-01,1,2024-01-01,SARIMA,129.7083,129.5317,0.027717667577197094,-0.10852676022551665,0.17660000000000764,0.13615165721854933,0.13624442780271373
78,2023-12-01,2,2024-02-01,SARIMA,130.3679,130.0302,0.5349547113617137,0.27558247376082196,0.3376999999999839,0.25903615844083083,0.25937223760089173
78,2023-12-01,3,2024-03-01,SARIMA,131.0343,130.6057,1.044821455916016,0.7171954175591984,0.42859999999998877,0.3270899298885778,0.3276260383568177
79,2024-01-01,1,2024-02-01,SARIMA,130.3679,130.204,0.5072495417334502,0.3814493141453922,0.16389999999998395,0.12572113227257933,0.12580022758805798
79,2024-01-01,2,2024-03-01,SARIMA,131.0343,130.745,1.0171162862877434,0.7960903168736847,0.2892999999999972,0.220781886879998,0.22102596941405872
79,2024-01-01,3,2024-04-01,SARIMA,131.5306,131.5929,1.3951566039923042,1.4425107940697344,-0.06229999999999336,0.04736540394402015,-0.047354190077430136
80,2024-02-01,1,2024-03-01,SARIMA,131.0343,130.9606,0.5098480198570515,0.45358738123852105,0.07370000000000232,0.056244815288823094,0.05626063861853048
80,2024-02-01,2,2024-04-01,SARIMA,131.5306,131.8281,0.8878883375616166,1.1138160373451438,-0.29750000000001364,0.22618310872147898,-0.22592769978352722
80,2024-02-01,3,2024-05-01,SARIMA,131.7279,132.5255,1.0377790624118244,1.6414438948177563,-0.7975999999999885,0.6054905604659214,-0.6036648324059319
81,2024-03-01,1,2024-04-01,SARIMA,131.5306,131.9151,0.37801094619753955,0.6699119132770986,-0.38450000000000273,0.29232741278455565,-0.2919009670795591
81,2024-03-01,2,2024-05-01,SARIMA,131.7279,132.6015,0.5279016710477252,1.1888975199715406,-0.873599999999982,0.6631852477720983,-0.6609958489238154
81,2024-03-01,3,2024-06-01,SARIMA,131.7719,133.017,0.5612982811468218,1.5017524897144874,-1.2451000000000079,0.9448903749585519,-0.9404542085676656
82,2024-04-01,1,2024-05-01,SARIMA,131.7279,132.0587,0.14991052213758224,0.40071945133141545,-0.3307999999999822,0.2511237179063677,-0.25080892919383324
82,2024-04-01,2,2024-06-01,SARIMA,131.7719,132.4121,0.18330713223666284,0.6679702860857575,-0.6402000000000214,0.48583954545697644,-0.48466315384909464
82,2024-04-01,3,2024-07-01,SARIMA,131.7765,132.6238,0.18679795213955205,0.82772226309924,-0.84729999999999,0.6429826258854879,-0.6409243109596879
83,2024-05-01,1,2024-06-01,SARIMA,131.7719,131.9651,0.033417237901409096,0.17992685510246456,-0.1932000000000187,0.14661699497390468,-0.14650961720105546
83,2024-05-01,2,2024-07-01,SARIMA,131.7765,132.1585,0.036908057804300974,0.3263734691610081,-0.382000000000005,0.2898847670108138,-0.28946541135670717
83,2024-05-01,3,2024-08-01,SARIMA,132.0161,132.6312,0.21856597079289197,0.6834119054376894,-0.6151000000000124,0.46592801938552375,-0.4648459346447974
84,2024-06-01,1,2024-07-01,SARIMA,131.7765,131.9042,0.003473259331721098,0.10033283986513415,-0.12770000000000437,0.09690650457403586,-0.09685958053341305
84,2024-06-01,2,2024-08-01,SARIMA,132.0161,132.3782,0.18513117232032017,0.4590404255771207,-0.3620999999999981,0.27428472739309684,-0.27390925325680054
84,2024-06-01,3,2024-09-01,SARIMA,132.3407,133.2274,0.43070848535612755,1.0984869535038058,-0.8866999999999905,0.6700130798764028,-0.6677784681476782
85,2024-07-01,1,2024-08-01,SARIMA,132.0161,132.2123,0.1816540316109335,0.3301619407223479,-0.1962000000000046,0.14861823671507082,-0.1485079091114144
85,2024-07-01,2,2024-09-01,SARIMA,132.3407,133.0616,0.42723134464674156,0.9704834362447061,-0.7209000000000003,0.5447303815077299,-0.5432520915979646
85,2024-07-01,3,2024-10-01,SARIMA,133.0066,133.4073,0.9291406521138604,1.2299510093442605,-0.4007000000000005,0.30126324558330225,-0.30081035723040006
86,2024-08-01,1,2024-09-01,SARIMA,132.3407,132.804,0.24556613402722888,0.5950360434921004,-0.4633000000000038,0.35008126751634516,-0.3494699094648715
86,2024-08-01,2,2024-10-01,SARIMA,133.0066,133.1474,0.7474754414943532,0.8532788584144451,-0.14080000000001291,0.10585940848049114,-0.10580341692009188
86,2024-08-01,3,2024-11-01,SARIMA,133.3093,133.0995,0.974799555716124,0.8172972184277988,0.20980000000000132,0.15737836745073397,0.1575023372883252
87,2024-09-01,1,2024-10-01,SARIMA,133.0066,132.5374,0.5019299679561157,0.14854183770794935,0.4692000000000007,0.3527644492829685,0.3533881302481663
87,2024-09-01,2,2024-11-01,SARIMA,133.3093,132.4896,0.7292540821778883,0.11247004085835718,0.8197000000000116,0.6148858331714379,0.6167840413195311
87,2024-09-01,3,2024-12-01,SARIMA,133.9122,132.6873,1.180490994622502,0.26157807902396996,1.2249000000000194,0.9147038133941637,0.918912915598532
88,2024-10-01,1,2024-11-01,SARIMA,133.3093,133.1065,0.22731523301367848,0.07507198079602373,0.20279999999999632,0.15212742096762663,0.15224325221765475
88,2024-10-01,2,2024-12-01,SARIMA,133.9122,133.3036,0.6785521454582875,0.22303937089230538,0.608600000000024,0.4544768885882122,0.45551277456598205
88,2024-10-01,3,2025-01-01,SARIMA,134.3265,133.2606,0.9874563635623628,0.19077697378649672,1.0658999999999992,0.7935143102812915,0.796679389775866
89,2024-11-01,1,2024-12-01,SARIMA,133.9122,133.5691,0.45125764986311345,0.19471621076302537,0.34310000000002105,0.25621265276802335,0.2565414391000881
89,2024-11-01,2,2025-01-01,SARIMA,134.3265,133.5265,0.7601618679671842,0.162817519536955,0.8000000000000114,0.5955637941880502,0.5973443484302292
89,2024-11-01,3,2025-02-01,SARIMA,135.1861,133.8547,1.3980562853895115,0.4083098464685689,1.3314000000000021,0.9848645681767594,0.9897464389209427
90,2024-12-01,1,2025-01-01,SARIMA,134.3265,133.9773,0.30891205346373374,0.04860996517921918,0.3491999999999962,0.2599635961630774,0.26030208828451457
90,2024-12-01,2,2025-02-01,SARIMA,135.1861,134.3047,0.9468064708860688,0.292681623009001,0.8814000000000135,0.651990108450509,0.6541248478770678
90,2024-12-01,3,2025-03-01,SARIMA,135.431,134.8662,1.1278002564636558,0.7098892888198025,0.5648000000000195,0.4170389349558221,0.41791096764385327
91,2025-01-01,1,2025-02-01,SARIMA,135.1861,134.7662,0.6379053498272528,0.3268131023126726,0.4199000000000126,0.31060885697568946,0.3110922475145802
91,2025-01-01,2,2025-03-01,SARIMA,135.431,135.3283,0.8188991354048537,0.7430383949426131,0.10269999999999868,0.07583197347726789,0.07586074046224056
91,2025-01-01,3,2025-04-01,SARIMA,136.0924,136.0819,1.3060772630744022,1.2983616190880345,0.010500000000007503,0.007715346338228662,0.007715643986367704
92,2025-02-01,1,2025-03-01,SARIMA,135.431,135.8844,0.18100130578341272,0.5152251810672269,-0.4533999999999878,0.3347830260427729,-0.3342238752838142
92,2025-02-01,2,2025-04-01,SARIMA,136.0924,136.6358,0.6681794334529813,1.0666719392387796,-0.5433999999999912,0.39928754287527535,-0.3984925057857983
92,2025-02-01,3,2025-05-01,SARIMA,136.7663,137.0865,1.16213573407486,1.3959840978074602,-0.3201999999999998,0.23412200227687655,-0.23384836373260032
93,2025-03-01,1,2025-04-01,SARIMA,136.0924,136.0394,0.48717317939424626,0.4482214650630936,0.05299999999999727,0.03894412913579103,0.03895171433115263
93,2025-03-01,2,2025-05-01,SARIMA,136.7663,136.4908,0.9811294800161473,0.7794878075054583,0.27549999999999386,0.20143851226507836,0.20164167251068899
93,2025-03-01,3,2025-06-01,SARIMA,136.9,136.7198,1.0788397283275297,0.9471240951369189,0.18020000000001346,0.13162892622353065,0.13171563319061086
94,2025-04-01,1,2025-05-01,SARIMA,136.7663,136.5607,0.49397193679345297,0.34352939816550426,0.205600000000004,0.15032943056879072,0.1504425386279487
94,2025-04-01,2,2025-06-01,SARIMA,136.9,136.7897,0.5916821851048308,0.5110799512819377,0.11029999999999518,0.08056975894813381,0.08060223382289311
94,2025-04-01,3,2025-07-01,SARIMA,136.7251,136.9418,0.4638430184350159,0.6222107605996072,-0.216700000000003,0.15849321009822118,-0.15836774216459132
95,2025-05-01,1,2025-06-01,SARIMA,136.9,137.0609,0.09768673376072359,0.21514876465632435,-0.16089999999999804,0.11753104455807016,-0.11746203089560076
95,2025-05-01,2,2025-07-01,SARIMA,136.7251,137.2135,-0.03015243290908523,0.3264241995828376,-0.4884000000000128,0.3572131232670613,-0.35657663249192284
95,2025-05-01,3,2025-08-01,SARIMA,136.9714,137.7182,0.1498279954022135,0.6935703431018384,-0.7468000000000075,0.5452233093916011,-0.5437423476996249
96,2025-06-01,1,2025-07-01,SARIMA,136.7251,137.0015,-0.12785204983723478,0.07410135472180182,-0.2763999999999953,0.20215746779486382,-0.2019534045590366
96,2025-06-01,2,2025-08-01,SARIMA,136.9714,137.5062,0.05212837847408261,0.4418145873074959,-0.5348000000000184,0.3904464727673211,-0.3896862088334133
96,2025-06-01,3,2025-09-01,SARIMA,137.6104,138.3537,0.5175642912384986,1.0562588515060602,-0.743300000000005,0.5401481283391408,-0.5386945602675617
97,2025-07-01,1,2025-08-01,SARIMA,136.9714,137.1423,0.18000946604891785,0.30470226479877915,-0.17090000000001737,0.12477057254289392,-0.1246927987498613
97,2025-07-01,2,2025-09-01,SARIMA,137.6104,137.9879,0.6454453788133395,0.9193949903237784,-0.3774999999999977,0.2743251963514369,-0.27394961151043884
97,2025-07-01,3,2025-10-01,SARIMA,137.5855,138.3956,0.627349178929575,1.2144200520352346,-0.8101000000000056,0.5887975113656639,-0.5870708731056596
98,2025-08-01,1,2025-09-01,SARIMA,137.6104,137.7611,0.46546107300446604,0.5749132240401306,-0.1507000000000005,0.10951207176201835,-0.10945215103566452
98,2025-08-01,2,2025-10-01,SARIMA,137.5855,138.1695,0.4473648731207083,0.8709299023063561,-0.5840000000000032,0.4244633337088597,-0.42356502918564787
98,2025-08-01,3,2025-11-01,SARIMA,137.465,138.1796,0.35974459414698473,0.8782394973109842,-0.7145999999999901,0.5198414141781472,-0.5184949031639994
99,2025-09-01,1,2025-10-01,SARIMA,137.5855,137.9724,-0.01812778415047379,0.2626845273407982,-0.38689999999999714,0.281206958582116,-0.280812311491272
99,2025-09-01,2,2025-11-01,SARIMA,137.465,137.9841,-0.1057480631241931,0.27116412467374545,-0.5191000000000088,0.3776233950460181,-0.37691218779793856
99,2025-09-01,3,2025-12-01,SARIMA,138.1093,138.1935,0.3618580772142987,0.42280570612463714,-0.08420000000000982,0.060966205751538695,-0.06094762891033845
100,2025-10-01,1,2025-11-01,SARIMA,137.465,137.4701,-0.08764239030709825,-0.08393242384550649,-0.005099999999998772,0.0037100352817071775,-0.00370996646159176
100,2025-10-01,2,2025-12-01,SARIMA,138.1093,137.6748,0.3799637500313831,0.06486192979633505,0.4344999999999857,0.3146058954755297,0.31510182023504807
100,2025-10-01,3,2026-01-01,SARIMA,138.5768,137.654,0.7178921424493043,0.04975272215835408,0.9227999999999952,0.6659123316456977,0.6681394202909503
101,2025-11-01,1,2025-12-01,SARIMA,138.1093,137.668,0.46762910790663903,0.14758799018398236,0.44129999999998404,0.3195295320445358,0.32004111772265664
101,2025-11-01,2,2026-01-01,SARIMA,138.5768,137.6471,0.8055575003245866,0.132405386657938,0.9296999999999969,0.6708915200812812,0.6731521136666486
101,2025-11-01,3,2026-02-01,SARIMA,139.0605,138.0293,1.1539980660458962,0.4096871887123172,1.0311999999999841,0.7415477436079866,0.7443108773335789
102,2025-12-01,1,2026-01-01,SARIMA,138.5768,138.2362,0.33790074663843644,0.09181391409383377,0.3405999999999949,0.24578428712453668,0.24608683254460267
102,2025-12-01,2,2026-02-01,SARIMA,139.0605,138.6239,0.6863413123597614,0.3718833451334995,0.43659999999999854,0.3139640660000493,0.31445796722626185
102,2025-12-01,3,2026-03-01,SARIMA,139.2342,139.1865,0.8111730267663363,0.7769083327499151,0.04769999999999186,0.03425882434056565,0.03426469401642118
103,2026-01-01,1,2026-02-01,SARIMA,139.0605,139.0799,0.3484600066289245,0.36240979603850815,-0.019400000000018736,0.013950762437945165,-0.013949789409583635
103,2026-01-01,2,2026-03-01,SARIMA,139.2342,139.64,0.4732917210355175,0.7643192068459482,-0.4057999999999993,0.2914513819162241,-0.29102748581043075
103,2026-01-01,3,2026-04-01,SARIMA,140.1286,140.3601,1.1136082240942935,1.2786773000075158,-0.23149999999998272,0.16520538990611675,-0.16506907591322229
104,2026-02-01,1,2026-03-01,SARIMA,139.2342,139.6144,0.12485033585701724,0.3975432850787811,-0.3802000000000021,0.273065094639106,-0.2726929492217639
104,2026-02-01,2,2026-04-01,SARIMA,140.1286,140.3345,0.7651668389157749,0.9119954498746021,-0.20589999999998554,0.1469364569402574,-0.14682861095882727
104,2026-02-01,3,2026-05-01,SARIMA,141.0901,140.768,1.4489789372107738,1.220424114614846,0.32210000000000605,0.228293834932434,0.22855482259592774
105,2026-03-01,1,2026-04-01,SARIMA,140.1286,139.8292,0.6402890620805729,0.42639960149542167,0.2994000000000199,0.2136608800773146,0.21388946058515124
105,2026-03-01,2,2026-05-01,SARIMA,141.0901,140.2651,1.3241011603755766,0.7376521702980531,0.825000000000017,0.5847327346142763,0.5864489900775235
105,2026-03-01,3,2026-06-01,SARIMA,141.9689,140.4707,1.945033774115379,0.8841244312338322,1.498199999999997,1.0553015484377193,1.0609093428815468
